"","RT11B","RT12B","RT13B","RT14B","RT15B","RT16B","RT17B","RT19B","RT20B","RT21B","RT22B","RT23B","RT24B","RT25B","RT26B","RT29B","RT30B","RT31B","RT32B","RT33B","RT34B","RT35B","RT36B","RT37B","RT38B","RT39B","RT40B","RT42B","RT43B","RT44B","RT45B","RT46B","RT47B","RT48B"
"hsa-miR-10a-5p",23642,21742,27439,18801,27765,15311,22868,21265,2693,38800,11909,7813,25357,2302,18176,22650,24276,17435,27399,42711,24764,18099,27734,42604,17520,26232,19220,13584,14286,17755,25376,11495,11194,20013
"hsa-miR-10b-5p",43440,50621,58448,37868,60536,34792,49195,36132,7973,59942,21309,15385,49400,4732,33405,49586,48689,32925,66824,73207,49403,40411,53629,96824,42083,59944,37094,24651,28277,28795,45449,21900,17467,34330
"hsa-miR-181a-5p",12275,9076,10975,13573,11280,9964,10457,4169,3381,16075,8379,3673,10752,2076,6402,8298,12545,6973,17253,10649,11278,8274,11624,16480,12387,12303,10096,5453,4562,7854,9414,6025,5294,13222
"hsa-miR-185-3p",0,0,0,49,10,0,0,0,0,9,12,2,0,2,25,0,0,0,0,0,0,0,0,0,0,0,0,24,0,0,0,0,0,0
"hsa-miR-191-5p",9484,6518,11558,90827,8501,5986,5656,37581,5445,79013,20703,6134,16961,3517,11940,5873,11919,9491,21771,9154,8477,8416,11754,11392,6510,7603,4996,11700,10280,19346,22308,23998,22413,40456
"hsa-miR-221-3p",1,1,0,5,1,1,2,2,1,1685576,905994,250834,412856,61107,276859,0,0,1,2,1,1,1,1,1,1,1,1,805141,450751,426780,259272,609323,767319,576478
"hsa-miR-26a-5p",9846,10855,11393,33876,9348,5983,7424,5609,2383,22810,7281,3787,8318,1155,6297,8673,12012,7117,20252,13767,11162,9589,11534,14488,8186,12346,7844,4873,6715,6891,10308,8136,4597,12598
"hsa-miR-361-3p",165,105,0,65,79,124,37,63,41,160,270,43,183,24,140,0,178,110,175,49,203,51,47,106,0,111,111,127,139,14,40,209,262,111
"hsa-miR-423-5p",11980,11944,11340,34525,19131,15513,16729,17408,19125,34598,18594,24096,7812,5788,15421,11943,10779,9509,18067,11009,9627,13278,10756,13793,14201,14111,13797,19819,5955,13946,11606,11541,26410,27551
"hsa-miR-451a",10311,8951,6875,3596,15127,4892,4811,1548,3101,1595,656,3538,3069,1012,1483,8106,8736,6844,11511,8603,5945,9337,13206,11781,6370,11404,9853,1969,959,1692,3083,1235,1618,1865
"hsa-miR-486-5p",704156,727307,709250,487104,725062,796274,727492,777299,895948,496725,744866,812385,724115,901789,755527,714000,665337,896256,633535,726253,820213,843046,770096,667327,850052,752624,830756,719217,732236,700001,652551,707572,724899,609746
"hsa-miR-92a-3p",49281,44134,38776,28183,32321,28783,37076,17989,16707,60200,43238,34175,39319,8473,40286,34840,50372,47296,53957,38641,43768,45665,49222,37420,46792,60137,57889,40680,33308,34183,34741,37236,26056,39974
"hsa-miR-126-3p",1528,1927,1238,1670,1268,1797,1650,274,152,1625,478,291,628,97,439,882,2150,787,1793,2290,1289,1341,1651,2678,1448,1930,1808,419,900,667,877,318,386,320
"hsa-miR-30d-5p",2893,2419,3744,15314,3629,2297,2851,4351,1756,14014,4449,2252,4592,1171,2703,1639,4212,2416,6016,2678,3469,2234,3645,3974,1788,2949,3625,3206,3127,4691,5345,5047,3832,6489
"hsa-miR-146b-5p",2204,1260,1344,5774,1023,2844,1636,2033,291,2584,981,215,536,119,266,895,2214,1314,2085,1252,2341,1366,2300,1267,1820,1949,1776,326,813,524,721,576,577,1589
"hsa-miR-151a-3p",1274,1075,1712,12424,1859,926,1027,3463,577,10535,2309,995,1647,443,2087,1318,1299,800,2442,1988,1277,1136,1627,1824,1198,1611,803,1719,1832,3159,3544,2653,2504,4111
"hsa-miR-27b-3p",3216,3233,5292,8631,3080,2857,3918,1710,564,5512,1692,1223,2426,284,2149,3253,4316,2331,7948,4697,3492,4160,3596,5254,4045,4180,2831,1665,1873,1865,2373,2089,1934,2641
"hsa-miR-182-5p",2077,737,1405,771,593,600,2019,761,604,1573,784,240,1316,146,4531,1011,1711,1871,1267,1120,1102,2661,983,1494,1860,1180,1758,2253,1711,1054,1247,916,921,1203
"hsa-miR-25-3p",2706,2848,1831,3086,3843,1962,2287,1352,1202,2032,1225,1097,1597,339,862,1696,3067,2182,2572,2097,2060,2244,3078,3359,3222,3335,2691,1194,1087,1275,1079,1136,1138,890
"hsa-miR-30a-5p",4339,2754,3256,1841,3636,1559,2507,1060,643,2582,1289,729,1889,190,1530,3551,3119,1777,5069,5387,4236,3016,3709,4963,3042,3282,3041,1272,1178,1437,1993,906,848,1322
"hsa-let-7a-5p",3090,2607,2731,13690,1796,1576,8231,997,568,3714,4339,1980,2585,280,3425,2694,2736,2091,4624,2974,2938,2359,3574,3429,2578,3549,2493,1245,1924,1368,2847,5452,1955,3156
"hsa-miR-186-5p",1215,1057,1835,5318,1914,1892,1846,1172,693,1852,918,619,1253,250,745,609,2051,1258,2201,1399,1484,1092,1564,2087,1025,1562,1248,948,707,751,812,642,832,1462
"hsa-miR-22-3p",11062,9082,9434,19029,5763,3892,6652,3424,1891,13583,4235,3232,5291,1175,4288,9875,9185,8147,16545,12248,6184,9883,12614,13026,8541,10392,9746,3655,2453,5022,5280,4289,7172,6855
"hsa-miR-423-3p",1322,1093,1263,4115,941,1259,1721,1191,673,5666,2800,718,1683,377,1364,1140,1230,1396,2344,1312,1401,1234,1058,1386,749,1453,1006,1243,1360,2174,1384,2826,1302,3474
"hsa-miR-99b-5p",2857,2808,4259,10521,3462,1698,2079,8300,756,8775,2670,1623,3636,601,2255,3252,3142,2655,5129,5465,3765,1675,4001,4384,2935,3696,2234,2218,1756,2869,3420,3033,2100,5987
"hsa-let-7c-5p",1162,614,197,612,204,564,1131,313,248,84,190,48,60,2,95,1163,128,116,2481,1214,695,217,198,421,747,653,211,28,87,98,90,103,31,86
"hsa-let-7f-5p",2371,1771,2057,6677,1220,1825,3044,858,319,3942,3395,869,2693,346,3039,1628,2365,1540,2440,2563,2170,2279,2021,2193,2065,2658,2617,1981,1670,1147,3246,3096,1111,3403
"hsa-miR-125a-5p",6099,6174,5507,6001,5681,2612,5279,3968,1095,10469,4710,1969,4889,649,5936,5513,5942,4544,7552,9184,7552,5776,7264,7154,5548,6440,3512,3547,3619,4891,6802,4159,2256,5969
"hsa-miR-1307-5p",0,124,0,2053,395,129,531,78,272,57,23,15,21,12,0,0,86,0,0,43,0,0,75,121,128,68,0,0,80,22,9,6,31,0
"hsa-miR-146a-5p",1586,1068,1362,19417,937,916,1020,3831,525,6078,1327,705,1037,266,738,1108,1480,1072,3355,1305,1682,990,1563,881,722,1514,1399,470,732,1278,1551,1929,1538,3623
"hsa-miR-150-5p",6614,4617,4205,1197,2329,3905,3083,1722,733,7669,6889,1907,8004,547,1496,3104,6862,4791,5679,5857,8311,7717,5162,3978,4064,6531,3938,4445,6633,2881,4676,3562,1962,4735
"hsa-miR-196b-5p",0,0,162,44,5,0,0,0,15,37,35,2,0,0,0,99,0,0,0,0,0,0,0,32,0,0,0,0,0,0,0,0,0,0
"hsa-miR-21-5p",1350,744,1454,5218,790,1107,1642,704,250,2526,1369,372,747,196,375,476,1823,869,2880,922,966,1037,1580,1201,1050,1258,1069,430,470,942,979,762,987,1521
"hsa-miR-30c-5p",745,758,504,2039,738,536,648,588,253,1638,437,181,688,99,343,370,925,634,989,549,837,519,1051,935,528,700,540,397,476,511,664,537,273,821
"hsa-miR-484",1239,2196,775,2185,1703,1229,1323,1152,1005,3038,2256,2390,1648,1039,1160,1508,1207,1413,1771,1371,1477,1805,1526,1220,955,2113,1654,1726,1539,2156,1975,1715,1087,2408
"hsa-miR-93-5p",476,649,321,692,349,206,616,166,87,193,89,57,139,26,139,487,448,322,251,546,760,539,526,626,662,567,460,160,117,90,64,136,80,57
"hsa-miR-127-3p",0,156,199,1443,387,161,196,903,122,1297,437,366,169,95,179,0,235,71,316,176,205,129,64,31,109,131,46,253,249,477,591,487,354,354
"hsa-miR-151a-5p",772,1640,1974,13119,2016,1306,2064,3020,589,7745,1691,823,1726,290,2088,1052,1779,1169,3116,1925,1449,1118,1214,2209,1007,1638,1025,1593,1665,1990,3389,2306,1775,2864
"hsa-miR-548k",0,0,0,181,181,0,0,0,0,0,0,0,296,0,0,0,0,0,0,0,0,0,1,1,0,0,0,0,0,0,233,0,0,182
"hsa-miR-92b-3p",2729,1709,1923,634,624,1197,2305,626,303,2092,2129,560,857,106,1646,719,3406,2007,3102,2708,2320,2415,1670,2470,2754,2443,1207,748,676,1611,1294,964,692,2105
"hsa-let-7b-5p",1078,1499,1269,5139,1442,1368,5963,941,786,2429,3054,1630,1662,263,2846,1193,1286,892,2171,854,1440,928,1535,1620,1763,1612,1128,1586,785,1022,2638,3094,1608,2306
"hsa-let-7d-3p",1,1,1,2,1,1,1,1,1,474303,174714,121702,61724,48401,42731,0,0,1,1,0,1,1,1,1,1,1,1,0,0,233990,244500,72707,514680,0
"hsa-let-7d-5p",199,168,223,1008,102,130,344,110,87,1206,771,247,417,89,819,182,195,83,262,272,259,147,134,332,254,196,194,437,134,654,493,1075,600,496
"hsa-let-7e-5p",1,1,1,2,1,1,1,1,1,828013,472233,206223,178670,51765,466574,0,0,1,1,1,0,2,1,1,1,2,0,372840,0,138134,419087,545550,344625,633603
"hsa-let-7g-5p",663,504,978,1553,272,737,460,118,82,613,577,156,404,36,237,1085,304,511,951,922,1001,472,919,577,786,836,818,223,356,229,425,453,110,417
"hsa-let-7i-5p",2248,1220,1237,4084,1006,1695,2255,530,387,1480,965,529,959,161,722,275,2793,1191,2517,1788,1916,1739,1885,1147,1315,1804,1794,565,404,806,586,848,648,1419
"hsa-miR-100-5p",1177,206,74,194,132,47,1525,144,18,181,0,80,91,4,0,832,118,145,324,1268,564,907,477,309,268,435,539,51,106,42,50,6,67,70
"hsa-miR-101-3p",176,365,699,277,365,297,0,44,127,191,102,112,152,49,124,120,687,221,287,575,272,664,631,458,563,527,297,77,83,71,146,71,35,335
"hsa-miR-103a-3p",529,648,710,645,791,360,495,174,317,786,228,1094,369,281,388,528,688,569,748,764,499,1034,350,1012,473,520,862,1412,611,164,419,192,255,437
"hsa-miR-106b-3p",146,93,50,114,111,126,96,111,72,596,239,122,282,151,167,0,188,117,71,52,96,30,91,130,107,203,144,0,0,241,195,336,392,610
"hsa-miR-125b-5p",977,297,191,333,262,272,365,353,64,396,219,197,178,37,282,968,0,163,1457,853,559,46,355,331,262,1042,98,203,204,326,256,70,128,260
"hsa-miR-126-5p",18633,17899,16725,22418,13512,9410,13846,4790,2236,16783,5702,3885,7114,864,8627,17861,16454,8307,29486,29191,17401,14218,18438,28733,13792,18028,14993,5775,4874,7324,10386,5338,3224,10036
"hsa-miR-1271-5p",120,0,0,38,0,0,0,15,0,0,0,4,0,0,0,0,0,0,0,0,0,0,0,0,0,0,0,0,0,0,0,37,0,0
"hsa-miR-134-5p",120,0,0,27,5,0,0,15,5,47,23,39,0,0,0,0,0,0,0,0,0,0,0,0,0,0,0,0,0,20,40,0,0,0
"hsa-miR-137-3p",120,0,0,0,0,0,0,0,0,0,0,0,0,0,49,0,0,0,0,0,0,0,0,0,0,0,0,0,0,0,0,0,0,0
"hsa-miR-142-3p",146,16,99,47,38,0,0,10,3,37,37,26,41,3,39,0,172,42,0,0,0,95,86,74,0,274,304,17,19,41,55,0,19,52
"hsa-miR-142-5p",4950,4207,4861,4277,3216,3246,3368,1052,946,2571,2108,701,2729,372,1571,3892,5144,2917,5202,5028,5021,5616,6184,5099,4783,4794,6316,1209,1732,1308,1851,1240,1125,2510
"hsa-miR-143-3p",216,583,1563,1016,817,729,827,575,293,638,869,278,1527,108,542,278,1259,400,1564,745,1113,502,1026,944,848,794,635,308,478,193,600,159,710,1981
"hsa-miR-144-3p",351,346,394,81,207,299,152,8,71,44,135,33,216,30,164,0,718,310,404,378,341,486,241,519,334,141,778,125,105,70,236,138,21,0
"hsa-miR-148a-3p",104,194,241,842,130,67,134,98,63,3655,1126,590,853,266,495,351,0,122,462,148,117,104,158,151,150,265,263,784,854,1063,429,1060,1586,1853
"hsa-miR-155-5p",1,1,1,1,1,0,1,1,1,391178,214389,135667,137781,27958,201558,0,0,1,1,1,1,1,1,1,1,1,1,0,0,73567,482461,422088,24662,273700
"hsa-miR-15a-5p",271,397,318,161,437,73,147,30,61,293,116,721,344,152,581,648,0,249,453,329,210,274,413,387,316,391,557,429,320,245,444,272,369,317
"hsa-miR-15b-5p",1,1,0,1,1,1,1,1,1,144721,33513,35056,104531,9313,312408,0,0,1,1,1,2,0,1,1,0,0,1,94161,0,0,373851,161515,103590,0
"hsa-miR-16-5p",11710,9662,5813,9538,9769,5127,6830,2669,2382,3521,1553,1678,3359,556,3471,8575,8946,7276,10874,9349,6858,9425,13884,11879,7702,10433,11102,2648,2253,1981,2409,1718,2097,2300
"hsa-miR-17-5p",217,0,0,157,9,46,0,13,8,35,0,7,20,2,46,45,98,73,0,158,0,62,152,208,0,96,0,0,0,14,18,12,5,75
"hsa-miR-181a-2-3p",71,89,48,62,64,91,0,36,20,230,58,10,21,23,0,0,135,22,116,46,46,0,0,70,137,227,57,30,33,141,55,0,22,94
"hsa-miR-181b-5p",804,270,390,353,261,641,498,125,104,696,581,141,335,103,382,455,490,319,1039,201,247,300,613,779,596,525,652,258,371,319,398,61,282,782
"hsa-miR-184",233,727,0,10,70,296,101,635,38,11,29,12,21,0,93,497,127,67,1428,494,141,146,41,166,49,654,135,11,12,80,12,28,12,33
"hsa-miR-1908-5p",120,0,0,5,0,0,0,0,0,0,0,0,0,6,0,0,0,0,0,0,0,0,0,0,0,0,0,0,0,0,26,0,0,0
"hsa-miR-192-5p",968,1187,1192,1123,933,1137,768,529,586,674,422,206,885,157,702,905,1253,1080,1076,1044,1058,1139,1248,1554,1602,978,1392,571,575,332,471,383,378,613
"hsa-miR-197-5p",120,0,0,5,0,0,0,0,0,0,0,4,26,0,0,0,0,0,56,0,0,0,0,0,0,0,0,0,0,0,0,0,0,0
"hsa-miR-203a-3p",195,145,391,9,5,83,126,6,8,0,13,8,123,2,14,227,244,216,240,250,252,183,0,666,198,281,311,20,22,59,0,0,14,61
"hsa-miR-204-5p",223,94,149,173,203,380,0,168,8,90,66,30,73,5,0,0,309,151,310,37,0,39,263,102,227,282,248,77,39,38,18,12,5,106
"hsa-miR-210-3p",2,0,0,1,1,0,0,0,0,0,0,2639,12631,4268,0,0,0,0,0,0,0,1,0,0,1,0,3,14968,0,0,7919,0,4529,0
"hsa-miR-222-3p",100,187,199,1175,121,22,385,318,105,2333,503,349,367,104,386,0,319,187,479,123,125,130,118,222,211,49,98,448,592,336,637,783,438,1156
"hsa-miR-222-5p",1,1,0,1,1,2,1,0,1,0,0,6581,0,0,0,0,0,1,2,0,0,2,0,0,0,0,0,3781,0,0,1986,2874,1130,0
"hsa-miR-223-3p",447,252,152,814,143,113,0,43,103,601,499,194,681,61,264,459,93,105,433,121,271,474,302,375,137,510,333,114,275,242,366,111,315,1139
"hsa-miR-23a-3p",96,317,505,409,139,0,204,189,50,621,326,146,268,57,275,107,487,158,611,296,143,312,390,543,160,418,274,298,393,250,106,180,292,332
"hsa-miR-23b-3p",1,2,0,2,1,1,1,1,1,707972,52626,146794,141771,42957,177039,0,0,1,2,1,1,1,1,1,1,1,0,51465,0,348457,59443,198659,103886,677414
"hsa-miR-24-3p",179,38,120,383,70,230,233,101,29,247,65,27,92,9,88,143,75,25,299,177,179,0,132,180,109,84,0,30,0,88,85,36,128,226
"hsa-miR-26b-5p",890,627,602,1733,466,924,965,293,111,681,400,144,387,51,641,705,662,539,1215,939,485,470,730,1053,507,1103,634,162,359,385,500,122,120,905
"hsa-miR-27a-3p",636,404,643,832,543,376,551,102,65,457,227,71,81,21,195,616,469,469,1093,964,357,331,449,601,488,1022,291,187,181,121,118,95,100,348
"hsa-miR-28-3p",1362,1119,1326,8552,1812,1928,1652,2263,677,5546,2765,686,1870,311,946,930,1525,890,2437,1507,1131,747,1548,1366,1088,1364,1718,1091,1536,2032,1908,2048,1429,3142
"hsa-miR-30a-3p",145,31,97,79,62,0,125,9,5,0,19,34,77,19,0,179,0,93,225,88,0,0,0,135,100,204,109,37,40,11,41,0,9,37
"hsa-miR-30b-5p",227,81,0,214,86,17,99,63,13,259,97,17,95,15,91,0,203,34,98,244,40,138,208,85,81,164,0,54,60,102,62,145,107,76
"hsa-miR-30c-1-3p",1,0,0,1,0,1,1,0,1,0,0,4112,19522,738,0,0,0,0,0,1,0,0,0,2,0,1,0,0,0,13797,0,0,3057,14304
"hsa-miR-30e-3p",1,1,1,2,1,2,1,1,1,237847,158836,62000,55030,14051,0,0,0,1,1,1,0,0,1,2,1,1,2,32095,128007,116874,0,87609,9096,223081
"hsa-miR-30e-5p",766,1362,2548,3075,956,901,1155,852,172,1715,635,287,672,112,364,1503,1515,1241,2298,2101,1448,1879,2104,1660,1315,1612,1362,479,350,434,687,567,655,951
"hsa-miR-3168",277,0,0,0,12,0,0,119,21,11,5,2,3,0,19,106,75,0,134,0,182,273,93,79,0,84,121,8,9,11,5,0,0,11
"hsa-miR-320a-3p",677,358,910,1486,378,692,1533,630,378,611,414,396,589,121,551,604,651,814,920,419,711,242,642,1272,680,554,788,447,194,259,302,404,914,432
"hsa-miR-335-5p",120,0,0,77,5,0,0,0,0,0,12,2,34,0,0,99,0,0,0,0,0,0,0,0,0,0,0,71,0,0,0,0,0,0
"hsa-miR-342-3p",1027,365,619,483,566,615,645,912,192,1992,762,306,1158,125,394,298,1003,588,786,712,1068,750,818,538,567,951,528,261,1057,403,680,935,618,1229
"hsa-miR-342-5p",348,37,117,72,84,298,227,45,36,153,107,41,92,11,18,0,333,83,385,68,0,293,266,0,77,370,220,70,10,81,71,24,44,171
"hsa-miR-3614-5p",1,1,1,0,1,0,1,2,0,59377,0,11976,21054,0,0,0,0,1,0,0,0,0,0,0,3,0,0,10700,0,0,35206,28755,0,33439
"hsa-miR-3615",1,1,1,1,1,1,1,1,1,474129,319318,125779,254254,24148,630071,0,0,1,1,0,1,2,1,2,1,0,1,263398,539897,69535,58753,140881,480175,470288
"hsa-miR-363-3p",598,712,803,653,821,512,175,313,290,237,97,158,159,61,194,1154,219,532,912,613,670,1146,910,1134,288,622,823,103,112,141,167,88,150,234
"hsa-miR-373-3p",120,0,0,0,0,0,0,0,0,0,0,0,0,0,0,0,0,0,0,0,0,0,0,0,0,0,0,0,0,0,0,0,0,0
"hsa-miR-374a-5p",1,1,0,1,1,0,0,0,1,27429,10682,0,7590,0,0,0,0,0,0,0,3,0,0,0,0,0,0,18908,0,0,21668,14363,0,0
"hsa-miR-378a-3p",187,216,63,132,89,100,122,59,16,333,345,93,98,32,33,144,155,134,275,314,141,44,192,142,158,148,135,21,0,176,167,221,71,400
"hsa-miR-409-3p",225,48,0,1477,245,49,198,597,202,326,139,165,19,24,28,182,0,25,421,98,99,0,94,81,61,0,67,11,57,195,147,270,26,73
"hsa-miR-425-5p",180,319,419,1049,363,250,79,198,206,1040,429,269,333,107,222,346,245,316,521,403,76,287,263,315,280,285,567,260,129,546,435,517,506,229
"hsa-miR-4521",129,81,0,47,55,83,0,8,16,24,47,35,133,9,33,139,0,0,64,0,161,129,152,38,97,41,58,40,78,27,21,9,22,120
"hsa-miR-4732-3p",304,193,510,35,157,65,391,86,74,51,53,40,130,27,141,664,0,317,308,224,125,530,569,419,254,439,456,154,86,91,72,49,44,0
"hsa-miR-4802-3p",120,0,0,0,0,0,0,0,0,0,0,0,0,0,0,0,0,0,0,0,0,0,0,0,0,0,0,0,0,0,0,0,0,0
"hsa-miR-486-3p",354,348,80,254,185,253,154,119,181,94,47,47,124,38,83,422,85,321,115,217,406,229,442,127,318,297,349,161,73,50,58,39,106,0
"hsa-miR-500a-3p",172,19,0,86,34,0,0,33,14,277,57,48,30,2,0,126,0,143,74,0,0,57,52,0,310,0,0,16,39,85,53,77,70,109
"hsa-miR-501-3p",186,117,125,592,201,121,0,431,84,148,42,23,70,10,22,182,95,234,236,120,173,0,0,225,0,105,399,64,81,13,39,26,63,61
"hsa-miR-532-5p",1,1,0,1,1,1,1,1,1,244010,77908,58769,118992,37485,54014,0,0,1,1,1,1,1,1,1,1,2,1,46215,50917,112639,23611,174903,92426,146118
"hsa-miR-584-5p",169,0,226,2510,215,402,297,703,187,1066,222,149,92,22,88,123,133,200,253,150,186,86,43,37,170,160,145,162,111,97,200,321,398,493
"hsa-miR-6125",120,0,0,0,0,0,0,0,0,0,0,0,0,0,0,0,0,0,0,39,40,0,0,32,0,0,0,0,0,0,0,0,0,0
"hsa-miR-6511b-3p",120,0,0,0,0,0,0,0,0,9,0,0,0,0,49,0,0,33,0,0,79,0,0,0,0,0,0,0,0,0,0,0,0,0
"hsa-miR-652-3p",159,134,107,158,191,0,0,69,58,23,50,90,21,10,30,0,265,88,99,132,0,75,126,249,278,63,306,0,0,38,60,74,86,0
"hsa-miR-6722-5p",526,498,1055,95,56,279,787,197,84,26,130,22,44,18,57,737,606,411,1418,635,644,1476,375,598,0,961,890,79,107,43,22,15,14,51
"hsa-miR-6816-5p",120,0,0,0,0,0,0,0,0,0,0,0,0,0,25,0,0,0,0,0,0,0,0,0,0,0,0,0,0,0,0,0,0,0
"hsa-miR-744-5p",186,40,125,1331,118,0,163,468,133,2968,834,259,242,84,563,0,231,93,275,42,171,0,162,116,192,147,52,299,284,569,835,1540,614,1269
"hsa-miR-769-5p",1,0,1,1,1,1,0,1,1,150001,90324,25339,52669,15900,77167,0,0,1,0,0,0,1,0,2,1,1,2,339917,49169,0,51440,0,49170,0
"hsa-miR-93-3p",1,0,0,1,1,0,0,1,0,8576,10615,0,0,635,0,0,0,0,0,0,3,0,0,0,0,0,0,8500,0,0,15218,0,2528,0
"hsa-miR-939-5p",120,0,0,0,0,0,0,0,0,0,0,2,0,0,0,0,0,0,0,0,0,0,0,0,0,0,0,0,0,0,0,0,0,0
"hsa-miR-941",331,70,222,2029,866,1003,582,1670,432,853,1003,127,558,54,674,0,415,100,333,180,425,254,203,176,130,211,262,146,243,276,339,143,447,2106
"hsa-miR-96-5p",240,25,0,16,10,0,0,0,5,0,0,0,0,0,0,0,0,0,0,0,0,41,37,32,0,0,0,0,0,0,13,19,0,0
"hsa-miR-99a-5p",146,77,340,73,69,0,32,60,6,64,18,48,13,12,85,0,369,359,103,75,138,0,188,861,85,120,0,11,26,75,83,51,31,0
"hsa-let-7b-3p",0,25,81,16,31,0,0,15,0,19,23,11,43,4,0,0,0,0,56,0,238,41,0,32,0,67,0,0,0,0,0,0,0,0
"hsa-miR-10396b-5p",0,25,0,0,0,0,0,0,0,28,0,0,0,0,0,0,0,0,0,0,0,0,0,0,0,0,0,0,0,0,0,0,0,0
"hsa-miR-1180-3p",0,25,0,11,5,0,0,0,5,9,0,4,9,6,0,0,0,0,0,0,0,0,0,0,0,0,0,0,0,0,0,0,0,0
"hsa-miR-1229-3p",0,25,0,11,0,0,0,0,0,28,12,0,0,0,0,0,214,0,0,0,0,0,0,0,0,0,0,0,0,10,0,0,0,0
"hsa-miR-1247-5p",0,1,1,0,1,0,2,0,0,67616,27273,4094,19829,726,28520,0,0,0,0,0,1,0,0,2,0,0,0,26006,28526,0,13190,31066,12603,57176
"hsa-miR-1255a",0,51,0,0,0,0,0,0,0,0,0,0,0,0,0,0,0,0,0,0,0,0,0,0,45,0,0,0,0,0,0,0,0,32
"hsa-miR-1275",0,25,0,0,0,0,0,0,0,0,0,0,0,0,0,0,0,0,0,0,0,0,0,0,0,0,0,0,0,0,0,0,0,0
"hsa-miR-128-3p",0,84,133,644,173,257,0,51,121,95,87,27,46,13,16,0,145,60,0,206,131,0,0,0,0,179,163,49,34,80,16,66,47,19
"hsa-miR-130a-3p",0,402,256,1044,247,0,168,72,123,72,33,24,28,7,0,183,248,131,314,0,0,545,266,353,482,155,85,51,17,43,22,0,29,21
"hsa-miR-130b-5p",0,107,0,644,202,224,454,263,84,14,27,4,4,3,0,74,0,118,132,0,0,0,0,0,108,0,0,8,0,4,5,14,16,11
"hsa-miR-133a-3p",0,1,0,2,1,1,0,1,0,124448,0,1937,0,3618,0,0,0,0,0,0,0,2,1,0,0,0,0,63950,0,0,33710,0,45662,0
"hsa-miR-139-3p",0,25,0,11,0,0,52,0,10,9,0,9,0,0,25,0,0,0,0,0,0,0,0,0,0,0,0,0,51,20,26,37,0,0
"hsa-miR-140-3p",0,675,270,1634,438,1468,354,889,296,218,68,42,117,16,41,163,455,355,628,67,273,284,259,452,252,474,394,24,47,36,183,71,23,174
"hsa-miR-144-5p",0,359,573,59,121,206,367,47,78,159,54,22,254,31,335,617,0,259,531,426,389,337,266,249,438,242,260,185,316,112,235,100,11,0
"hsa-miR-146b-3p",0,1,0,2,1,0,0,1,1,63003,21402,1419,0,2307,22380,0,0,0,0,1,0,1,0,1,0,2,0,0,25322,13856,18698,7663,25322,32086
"hsa-miR-148b-3p",0,180,115,1224,135,260,76,186,49,433,103,67,75,23,87,0,196,118,353,123,96,241,35,31,0,32,0,67,46,67,180,197,139,166
"hsa-miR-150-3p",0,78,0,87,16,406,330,23,45,93,69,22,81,4,48,0,54,65,0,41,41,0,0,91,0,35,0,20,22,4,23,24,114,151
"hsa-miR-153-3p",0,51,0,0,0,0,52,0,10,0,0,0,0,0,0,0,0,0,0,0,0,41,0,0,0,0,0,0,0,0,0,0,0,0
"hsa-miR-16-2-3p",0,145,459,125,336,89,120,96,39,33,28,60,42,18,0,0,400,106,355,225,159,129,151,399,293,226,152,36,18,38,29,27,5,49
"hsa-miR-181a-3p",0,2,0,1,1,0,0,1,1,59163,43234,15722,9325,5557,0,0,0,0,1,1,1,0,2,1,0,0,1,44468,0,47636,49755,14946,0,0
"hsa-miR-181c-5p",0,152,0,132,31,209,0,45,19,53,22,18,57,7,23,0,102,29,122,0,115,0,32,95,70,77,0,14,0,54,33,23,15,64
"hsa-miR-183-5p",0,340,109,104,99,174,72,476,66,104,47,17,187,17,352,67,226,244,163,152,349,229,114,155,94,73,57,105,317,8,85,103,114,66
"hsa-miR-194-5p",0,36,113,38,58,0,0,0,47,8,0,2,5,3,7,73,26,61,0,0,0,0,0,0,294,117,0,0,0,0,0,22,5,0
"hsa-miR-197-3p",0,136,145,85,35,77,63,86,24,565,499,151,350,26,204,0,184,60,175,69,239,104,95,0,78,61,123,121,415,176,448,318,170,318
"hsa-miR-199a-3p",0,230,366,819,0,177,41,116,0,830,107,0,111,0,258,288,99,0,464,149,0,224,143,401,382,240,101,167,233,390,241,163,233,0
"hsa-miR-19b-3p",0,184,0,100,93,285,0,0,52,11,0,11,25,2,44,0,125,47,41,77,0,0,117,119,61,26,179,33,0,20,0,26,5,21
"hsa-miR-2116-3p",0,25,0,0,0,0,0,0,0,9,0,0,0,0,0,0,0,0,0,39,0,0,0,64,0,0,0,0,0,0,0,0,0,0
"hsa-miR-212-5p",0,25,0,0,0,0,0,0,0,0,12,0,0,0,0,0,0,0,0,0,0,0,0,0,0,0,0,0,0,0,0,0,0,0
"hsa-miR-27a-5p",0,25,0,0,0,0,0,0,0,0,0,0,17,0,0,0,0,0,0,0,79,0,0,32,0,0,0,0,0,0,0,0,0,0
"hsa-miR-296-5p",0,25,0,0,0,0,0,0,0,0,0,2,0,0,0,0,0,0,0,0,0,0,0,0,0,0,0,0,0,0,0,0,0,0
"hsa-miR-29a-3p",0,303,291,138,81,31,125,37,12,165,41,33,110,5,0,0,394,46,448,430,363,100,92,178,285,119,65,103,0,14,102,61,32,80
"hsa-miR-301a-3p",0,1,0,2,1,0,0,1,0,35415,0,1464,0,0,0,0,0,0,0,2,2,1,0,0,0,0,0,29121,0,3195,0,0,0,11717
"hsa-miR-3200-3p",0,76,0,0,5,26,0,0,0,0,0,0,0,0,25,0,0,0,0,0,0,0,0,96,0,0,0,0,0,0,0,0,0,0
"hsa-miR-324-3p",0,1,1,1,0,0,1,1,1,14737,0,12154,0,3695,41835,0,0,1,0,0,0,1,0,0,0,1,0,0,33138,0,15855,22954,9010,0
"hsa-miR-328-3p",0,145,0,811,120,150,310,534,227,102,54,9,16,4,0,0,100,10,218,0,54,39,80,0,24,73,26,0,0,100,0,83,6,25
"hsa-miR-330-5p",0,25,0,16,0,0,0,0,0,0,0,0,0,0,0,0,0,0,0,0,0,0,0,0,0,0,0,0,0,0,0,0,0,0
"hsa-miR-331-5p",0,51,0,0,0,0,0,0,0,0,0,0,0,0,0,0,0,0,0,0,0,0,0,0,0,0,0,0,0,0,0,0,0,32
"hsa-miR-339-5p",0,1,0,1,1,0,0,0,1,10062,3921,1297,0,232,0,0,0,0,0,0,0,0,0,0,2,0,0,0,0,0,0,19737,0,0
"hsa-miR-340-3p",0,1,0,2,1,0,0,1,1,52488,26854,1186,0,477,0,0,0,0,0,0,1,0,2,0,1,0,0,0,28420,0,0,0,28420,36102
"hsa-miR-345-5p",0,262,119,178,169,0,78,67,44,176,89,50,134,16,56,0,253,126,225,89,90,93,47,309,101,43,249,71,0,148,103,101,85,71
"hsa-miR-3605-3p",0,1,0,0,1,1,1,0,1,9379,52478,20826,58394,0,0,0,0,0,3,0,0,0,0,0,0,0,0,48690,53309,0,11214,0,15342,30537
"hsa-miR-3605-5p",0,53,0,34,0,0,0,64,30,17,0,3,0,2,0,0,36,0,0,0,0,0,0,0,0,68,100,11,0,0,0,9,4,0
"hsa-miR-361-5p",0,45,141,569,120,45,93,175,53,96,121,70,38,10,114,0,124,45,101,95,96,0,91,79,58,83,35,36,86,22,53,113,18,172
"hsa-miR-362-5p",0,25,0,5,0,0,0,0,0,0,0,0,0,0,0,0,0,0,0,0,0,0,0,0,0,0,0,0,0,0,0,0,9,0
"hsa-miR-3620-3p",0,25,0,5,0,0,0,0,5,0,35,2,0,0,25,0,0,0,0,0,0,0,0,0,0,0,0,48,0,0,0,0,0,0
"hsa-miR-374a-3p",0,1,0,1,1,0,0,0,0,0,18981,1281,13843,0,0,0,0,0,0,0,0,0,1,2,1,0,0,0,0,0,0,0,0,42300
"hsa-miR-374b-3p",0,25,0,5,0,0,0,0,0,0,0,0,0,0,0,0,0,0,0,0,0,0,0,0,0,0,0,48,0,0,0,0,0,0
"hsa-miR-375-3p",0,153,325,10,30,0,0,0,8,95,23,2,17,0,0,0,319,76,0,432,88,92,84,249,100,376,201,3,20,0,0,14,121,5
"hsa-miR-421",0,83,0,622,51,85,0,24,14,71,12,5,18,5,13,0,57,0,40,29,29,0,0,44,0,87,67,37,0,0,41,0,12,51
"hsa-miR-424-3p",0,2,0,1,1,0,1,1,1,0,0,26431,60556,861,71036,0,0,0,1,1,2,1,0,0,0,1,0,0,18033,22237,8397,0,25653,110841
"hsa-miR-4326",0,1,0,0,0,0,0,0,0,8980,0,0,0,0,0,0,0,0,0,0,2,0,0,0,0,0,0,0,6703,0,0,0,4380,0
"hsa-miR-454-3p",0,154,0,100,31,0,324,187,0,0,13,0,5,0,0,0,106,65,74,0,0,195,0,82,0,0,124,0,0,0,0,7,3,12
"hsa-miR-4667-3p",0,25,0,0,0,0,0,0,0,0,0,0,0,0,0,0,0,0,0,0,0,0,0,0,0,0,0,0,0,0,0,0,0,0
"hsa-miR-4730",0,51,0,0,0,0,0,0,0,0,0,0,0,0,0,0,0,0,0,0,0,0,0,0,0,0,0,0,0,0,0,0,0,0
"hsa-miR-499a-5p",0,51,0,0,0,0,0,0,0,0,0,0,0,0,0,0,0,0,0,0,0,0,0,0,0,0,0,0,0,0,0,0,0,0
"hsa-miR-511-5p",0,25,0,0,0,0,0,0,5,0,0,0,0,0,0,0,0,0,0,0,0,0,0,0,0,0,0,0,26,0,0,0,0,0
"hsa-miR-574-3p",0,74,0,328,31,0,157,112,43,24,43,9,0,2,0,51,0,40,0,112,0,63,0,0,0,0,40,18,0,32,10,29,0,0
"hsa-miR-589-5p",0,60,189,226,66,61,0,60,31,124,17,18,32,22,37,0,165,50,147,243,154,61,56,48,0,50,72,0,29,23,0,71,29,129
"hsa-miR-6070",0,25,0,0,0,0,0,0,0,0,0,0,0,0,0,0,0,17,0,0,40,0,0,0,0,0,0,0,51,0,0,0,0,0
"hsa-miR-629-5p",0,1,0,1,0,0,0,1,0,4845,13177,10771,35199,350,29037,0,0,0,0,0,1,0,0,0,0,1,1,0,60703,5982,0,27043,17369,0
"hsa-miR-642a-3p",0,1,0,0,0,0,0,1,0,11751,0,0,0,421,0,0,0,0,0,0,2,0,0,0,0,0,1,0,0,0,0,0,0,16499
"hsa-miR-6509-5p",0,25,0,5,10,0,0,8,0,9,0,0,9,0,0,0,0,0,0,0,0,0,0,0,0,0,0,0,0,0,0,0,0,0
"hsa-miR-6511a-3p",0,1,0,1,0,0,0,1,0,4234,5242,774,0,1254,0,0,0,2,0,0,0,0,0,0,0,0,0,0,0,8154,0,7258,0,0
"hsa-miR-654-3p",0,1,2,2,1,0,1,1,1,444661,50314,37931,0,12198,0,0,0,1,3,0,0,0,0,1,1,0,0,0,55955,95816,58548,298051,14531,71665
"hsa-miR-660-5p",0,1,0,1,1,0,0,0,1,18477,15622,3702,11364,418,16334,0,0,0,1,2,0,1,0,0,0,1,0,0,0,0,44988,0,38716,0
"hsa-miR-671-3p",0,1,1,1,1,1,0,1,1,202253,196014,23215,48216,7103,26745,0,0,2,2,0,0,0,0,1,0,0,0,78724,0,29219,122329,37289,23605,280912
"hsa-miR-6753-3p",0,25,0,0,0,0,0,0,0,0,0,0,0,0,0,0,0,0,0,0,0,0,0,0,0,0,0,0,0,0,0,0,0,0
"hsa-miR-6866-5p",0,51,0,5,0,0,0,0,0,0,0,0,0,0,0,0,0,0,0,0,0,0,0,0,0,0,0,0,0,0,0,0,0,0
"hsa-miR-6869-5p",0,25,0,5,0,0,104,0,0,0,12,0,9,0,0,0,0,0,0,39,0,0,0,32,90,0,50,0,0,0,0,0,0,0
"hsa-miR-7706",0,1,1,1,1,0,0,1,1,27263,72807,14557,81025,22468,0,0,0,1,2,0,0,1,0,0,1,2,0,0,0,30958,41709,12274,56402,112576
"hsa-miR-942-5p",0,63,0,262,51,64,0,56,0,8,26,3,8,2,0,43,0,0,95,0,0,0,0,106,0,0,0,17,19,11,5,0,3,0
"hsa-miR-12136",0,0,1,3,1,1,2,1,1,215553,219910,47842,96565,6105,100845,0,0,1,0,0,1,1,0,1,1,0,0,194623,0,8901,82038,18041,159788,320302
"hsa-miR-139-5p",0,0,2,1,1,1,1,1,1,94262,0,24201,41493,10646,39753,0,0,0,2,0,1,0,1,1,0,1,1,0,0,114520,96102,29070,11188,0
"hsa-miR-28-5p",0,0,103,246,14,0,0,48,19,132,39,10,35,6,16,69,0,14,40,76,100,30,51,0,33,25,0,0,0,38,23,76,0,135
"hsa-miR-4320",0,0,931,0,0,0,0,72,0,0,0,0,0,0,0,0,624,0,0,0,0,2833,0,0,0,0,0,0,1,0,0,0,0,0
"hsa-miR-4433b-5p",0,0,2,2,1,0,0,1,1,485810,131689,37879,82884,5873,32179,0,0,1,1,1,0,0,1,0,1,2,0,68489,32850,109824,34400,322342,75240,211331
"hsa-miR-4737",0,0,1780,0,0,0,0,0,0,0,0,0,0,0,0,0,0,0,0,0,0,0,0,0,0,0,0,0,0,0,0,0,0,0
"hsa-miR-4767",0,0,81,0,0,0,0,0,0,0,12,0,0,0,0,0,0,0,0,0,0,0,0,0,0,0,0,0,0,0,0,0,0,0
"hsa-miR-5010-3p",0,0,1,1,1,0,0,0,1,31693,0,1310,0,0,0,0,0,2,0,0,0,0,0,1,0,0,0,0,11341,0,5394,17512,3053,0
"hsa-miR-6780a-5p",0,0,81,0,0,0,0,0,0,0,0,0,0,0,0,0,0,0,0,0,0,0,0,0,0,0,0,0,0,0,0,0,0,0
"hsa-miR-6805-3p",0,0,81,0,0,0,0,0,0,0,0,0,0,0,0,0,0,0,0,0,0,0,0,0,0,0,0,0,0,0,0,0,0,0
"hsa-miR-7975",0,0,198,25,25,0,0,74,0,17,0,0,0,0,10,94,39,87,261,0,55,152,0,0,0,0,125,0,0,0,0,30,0,0
"hsa-miR-877-5p",0,0,2,1,1,1,0,1,1,142823,27671,41754,30217,12600,92607,0,0,1,0,1,0,0,0,0,1,0,2,31008,0,75358,125600,116821,48645,0
"hsa-miR-887-3p",0,0,1,0,1,0,0,0,0,6614,0,0,0,0,0,0,0,0,2,0,0,0,0,0,0,0,0,0,0,0,9058,0,0,0
"hsa-miR-98-5p",0,0,2,5,1,0,1,1,1,122563,43168,29954,9255,3071,29954,0,0,1,2,1,1,0,1,1,0,0,1,27572,68104,51845,14160,47473,54776,0
"hsa-let-7a-3p",0,0,0,16,5,0,0,0,0,0,0,0,0,0,0,0,0,0,0,0,0,166,0,0,0,0,0,0,0,0,0,19,9,0
"hsa-let-7e-3p",0,0,0,16,0,0,0,0,0,0,0,0,0,0,0,0,0,0,0,0,0,0,0,0,0,0,0,0,0,0,26,0,0,0
"hsa-let-7f-1-3p",0,0,0,5,0,0,0,0,0,0,0,0,0,0,0,0,0,0,0,0,0,0,0,0,0,0,0,0,0,41,0,0,0,0
"hsa-let-7f-2-3p",0,0,0,11,5,0,0,0,15,0,0,0,0,0,0,0,0,0,0,0,0,0,0,0,0,0,0,0,0,0,13,0,0,0
"hsa-let-7i-3p",0,0,0,16,5,0,0,0,0,9,0,4,0,2,0,0,0,0,0,0,0,0,0,0,0,0,0,0,0,0,0,19,0,0
"hsa-miR-10393-5p",0,0,0,5,0,0,0,0,0,9,0,0,0,0,0,0,0,0,0,0,0,0,0,0,0,0,0,0,0,0,0,0,0,0
"hsa-miR-10396a-5p",0,0,0,114,966,0,0,1577,90,1777,0,0,0,0,0,0,0,0,0,0,1,1,0,0,0,0,0,0,0,712,0,0,1285,0
"hsa-miR-10399-3p",0,0,0,523,0,2526,0,0,0,579,748,114,0,0,0,0,0,0,0,1,0,0,0,0,0,0,1,0,0,0,485,0,0,1268
"hsa-miR-10401-3p",0,0,0,22,5,0,0,0,0,9,0,2,0,6,49,0,0,0,0,0,0,0,0,32,45,0,0,0,0,0,0,0,0,0
"hsa-miR-10527-5p",0,0,0,22,0,0,0,0,0,0,0,0,0,2,0,0,0,0,0,0,0,0,0,0,0,0,0,0,0,0,0,0,0,0
"hsa-miR-106b-5p",0,0,0,661401,365941,1885156,0,365939,92962,0,0,1,2,0,0,0,6,0,15,2,0,3,0,5,2,4,0,2,0,0,0,0,1,0
"hsa-miR-107",0,0,0,401,0,0,0,181,0,279,197,0,0,0,0,0,0,0,0,0,0,0,0,0,0,0,0,0,0,244,185,186,368,320
"hsa-miR-10a-3p",0,0,0,5,5,0,0,0,0,19,0,2,0,0,0,0,0,0,0,0,0,41,0,0,0,34,0,0,0,0,0,0,0,0
"hsa-miR-11400",0,0,0,66,0,0,0,0,0,37,0,2,0,2,0,0,0,0,0,0,0,0,0,0,0,0,0,0,0,10,0,0,26,0
"hsa-miR-122-5p",0,0,0,2394,0,2839,0,0,1055,2577,0,520,409,688,0,0,0,1,0,1,0,0,1,0,0,0,1,1298,219,169,101,986,2248,0
"hsa-miR-125a-3p",0,0,0,2285,0,0,0,0,413,399,1072,73,0,118,0,0,0,0,1,0,0,1,1,0,0,1,0,0,0,0,371,0,228,1547
"hsa-miR-125b-1-3p",0,0,0,5,10,0,0,15,0,37,0,0,0,2,0,0,0,0,0,0,0,0,0,0,0,0,0,0,0,0,13,0,9,0
"hsa-miR-125b-2-3p",0,0,0,105,105,0,0,0,0,415,247,0,0,15,560,0,0,0,0,0,0,0,1,0,0,0,0,0,0,0,0,0,0,1665
"hsa-miR-1260a",0,0,0,735,169,0,0,771,0,3727,0,0,0,0,0,0,0,1,0,0,0,0,0,0,1,0,1,1672,0,2224,390,0,0,0
"hsa-miR-1260b",0,0,0,301,0,0,0,0,0,1540,0,0,0,21,0,0,0,0,0,0,0,1,0,0,0,0,0,0,0,1380,208,302,0,0
"hsa-miR-1273h-3p",0,0,0,1724,429,0,0,632,0,1596,645,0,0,125,675,0,0,1,0,0,1,0,0,0,0,0,0,383,0,1783,698,0,111,538
"hsa-miR-1273h-5p",0,0,0,5,0,0,0,0,0,0,0,0,0,0,0,0,0,0,0,0,0,0,0,0,0,0,0,0,0,0,0,0,0,0
"hsa-miR-1276",0,0,0,5,0,0,0,0,0,0,0,0,0,0,0,0,0,0,0,0,0,0,0,0,0,0,0,0,0,0,0,0,0,0
"hsa-miR-128-1-5p",0,0,0,5,0,0,0,0,10,0,0,4,0,0,0,0,0,0,0,0,0,0,0,0,0,0,0,24,0,0,0,0,0,0
"hsa-miR-1294",0,0,0,5,5,0,104,0,10,0,12,7,0,2,0,0,0,0,0,0,0,0,0,0,0,0,0,0,0,0,0,0,0,0
"hsa-miR-1296-5p",0,0,0,16,5,0,0,0,0,0,0,0,17,2,0,0,0,0,0,0,0,0,0,0,0,0,0,0,0,0,0,0,0,0
"hsa-miR-1301-3p",0,0,0,7445,828,0,0,3716,578,6227,1350,134,651,251,0,0,0,1,1,0,0,0,0,1,0,0,1,592,1478,503,1510,2896,1478,837
"hsa-miR-1304-3p",0,0,0,2199,115,0,1232,163,211,627,797,81,386,58,0,0,0,0,0,0,0,0,1,1,0,0,0,0,0,0,0,0,426,1937
"hsa-miR-1304-5p",0,0,0,5,0,0,0,0,0,0,0,0,9,0,0,0,0,0,0,0,0,0,0,0,0,0,0,0,0,0,0,0,0,0
"hsa-miR-1306-3p",0,0,0,5,0,0,0,0,0,0,0,2,0,0,0,0,0,0,0,0,0,0,0,0,0,0,0,0,0,0,0,0,0,0
"hsa-miR-1307-3p",0,0,0,3360838,352799,899275,0,1320021,1092288,4,2,2,2,1,1,0,5,4,7,5,0,0,0,0,0,6,0,0,0,1,0,3,2,5
"hsa-miR-130b-3p",0,0,0,5918,1535,1237,0,340,690,2710,1645,1143,355,403,0,0,0,0,0,1,0,1,1,1,1,0,1,1287,1414,1097,2329,0,910,0
"hsa-miR-132-3p",0,0,0,494,0,0,0,0,0,1367,554,38,0,0,0,0,0,0,0,0,1,0,0,1,0,0,0,2334,0,0,0,0,0,0
"hsa-miR-1323",0,0,0,5,10,0,0,0,0,0,0,0,0,0,0,0,0,0,0,39,0,0,0,0,0,0,0,0,0,0,0,0,0,0
"hsa-miR-1343-3p",0,0,0,5,0,0,0,0,0,19,0,0,0,0,0,0,0,0,0,0,0,0,0,0,0,0,0,0,0,0,0,0,0,0
"hsa-miR-136-3p",0,0,0,11,0,0,0,0,0,0,0,0,0,0,0,0,0,0,0,0,0,0,0,0,0,0,0,0,0,20,26,0,0,0
"hsa-miR-141-3p",0,0,0,1740,0,0,0,567,0,0,0,0,616,0,0,0,0,1,0,1,1,1,0,1,0,1,0,0,0,0,134,0,770,0
"hsa-miR-145-3p",0,0,0,11,0,0,0,0,0,0,0,0,0,0,0,0,0,0,0,0,0,0,0,0,0,34,0,0,0,0,13,0,9,0
"hsa-miR-145-5p",0,0,0,22,0,0,0,0,0,0,0,0,0,2,0,0,0,0,0,0,0,0,0,0,0,0,0,0,0,31,0,0,60,0
"hsa-miR-1468-5p",0,0,0,2378,502,838,0,2244,0,2490,338,0,1386,0,772,0,0,0,0,0,0,1,0,1,0,1,0,1095,2658,418,0,0,0,1532
"hsa-miR-146a-3p",0,0,0,11,0,0,0,0,0,9,0,0,0,0,0,0,0,0,0,0,0,0,0,0,0,0,0,0,0,0,0,0,0,0
"hsa-miR-148a-5p",0,0,0,3462,681,0,0,312,0,0,0,151,0,28,0,0,0,1,0,1,0,0,0,0,0,0,0,0,0,0,0,0,115,222
"hsa-miR-148b-5p",0,0,0,16,0,0,0,0,0,0,0,2,0,0,0,0,0,0,112,0,0,0,0,0,0,0,50,0,0,0,0,0,0,0
"hsa-miR-149-5p",0,0,0,5,0,0,0,0,0,19,0,0,0,0,0,0,0,0,0,0,0,0,0,0,0,0,0,0,0,0,0,0,0,0
"hsa-miR-151b",0,0,0,743,931,1165,0,319,177,3070,3265,1183,0,28,0,0,0,1,0,0,1,1,1,0,0,0,1,1669,2895,0,851,1992,0,1041
"hsa-miR-152-3p",0,0,0,2105,425,2191,0,0,164,5317,0,520,1038,0,0,0,0,0,1,1,0,0,1,1,0,0,0,0,0,0,3260,0,1989,2529
"hsa-miR-15b-3p",0,0,0,152,632,0,0,0,0,0,0,0,539,0,0,0,0,0,1,0,0,1,0,1,0,1,0,0,0,0,0,0,566,0
"hsa-miR-181c-3p",0,0,0,1288,0,0,0,320,0,579,0,118,357,54,0,0,0,0,0,0,0,1,0,0,0,0,0,0,0,847,526,0,0,0
"hsa-miR-181d-5p",0,0,0,714,336,0,0,0,0,293,0,972,258,0,828,0,0,1,1,0,1,0,0,1,0,0,0,0,0,0,1704,0,988,0
"hsa-miR-1843",0,0,0,2350,585,0,0,861,149,1044,1814,288,0,96,0,0,0,0,1,1,0,1,1,0,0,0,0,1261,0,1078,0,958,376,0
"hsa-miR-185-5p",0,0,0,11,5,0,52,8,0,0,0,2,0,6,0,0,0,0,0,0,0,0,0,0,0,0,50,0,0,0,0,0,0,0
"hsa-miR-18a-3p",0,0,0,5,0,0,0,8,0,28,0,2,0,2,0,0,0,0,0,0,0,0,0,0,0,0,0,0,0,0,0,0,0,0
"hsa-miR-18a-5p",0,0,0,1862701,331600,3522591,0,0,0,0,0,0,0,0,0,0,15,0,0,0,64,0,0,0,0,0,0,0,0,0,1,0,0,0
"hsa-miR-190a-5p",0,0,0,11,0,0,0,0,0,0,12,0,0,0,0,0,0,0,0,0,0,0,0,0,0,0,0,0,0,0,0,0,0,0
"hsa-miR-191-3p",0,0,0,71,10,0,0,15,0,28,0,2,0,0,0,0,0,0,0,0,0,0,0,0,0,0,0,0,0,0,26,56,0,0
"hsa-miR-1914-5p",0,0,0,5,0,0,0,0,0,0,0,0,0,2,0,0,0,0,0,0,0,0,0,0,0,0,0,0,0,0,0,0,0,0
"hsa-miR-195-5p",0,0,0,5,16,77,0,0,0,0,0,0,0,0,0,0,0,0,0,0,0,0,0,0,0,0,50,0,0,20,0,0,0,0
"hsa-miR-199a-5p",0,0,0,7901,251,0,2697,0,198,10801,0,463,0,315,0,0,0,0,1,0,1,1,1,1,0,0,1,0,0,0,3071,7998,0,2372
"hsa-miR-200b-3p",0,0,0,16,26,0,0,0,0,9,0,0,9,0,0,0,0,0,0,0,0,0,0,0,0,0,0,48,0,0,0,0,0,0
"hsa-miR-205-5p",0,0,0,99,202,512,0,0,0,358,0,31,2368,13,484,0,0,1,0,0,0,0,0,1,0,0,0,0,0,0,0,0,0,4114
"hsa-miR-20a-5p",0,0,0,900,1200,0,1733,0,127,1544,0,0,821,21,0,0,0,1,0,1,1,1,1,1,0,0,0,0,2176,0,0,0,609,0
"hsa-miR-21-3p",0,0,0,6714,2302,1404,0,0,214,8498,558,395,1843,236,0,0,0,0,1,1,0,1,0,0,1,1,1,2456,743,919,1243,0,4042,3401
"hsa-miR-2110",0,0,0,131683,131689,0,693141,399790,118204,1,0,1,0,0,0,2,2,0,0,0,0,0,14,0,0,0,0,0,0,1,0,0,1,1
"hsa-miR-215-5p",0,0,0,5,5,0,0,0,5,0,0,0,0,0,0,0,107,0,0,39,0,0,0,0,0,0,100,0,0,0,0,0,0,0
"hsa-miR-22-5p",0,0,0,5,0,0,0,8,0,0,0,2,0,0,0,0,0,0,0,0,0,0,0,0,0,0,0,0,0,0,0,0,0,0
"hsa-miR-221-5p",0,0,0,2542,620,0,0,464,0,2338,320,0,0,19,0,0,0,0,0,0,0,0,0,1,0,0,0,0,0,0,334,1092,705,897
"hsa-miR-223-5p",0,0,0,2407,336,0,0,507,0,3495,3565,304,0,80,1635,0,0,1,1,0,1,0,0,0,0,0,1,0,0,2543,977,1424,5374,0
"hsa-miR-224-5p",0,0,0,7904,0,1098,0,302,168,364,451,0,1071,107,1026,0,0,0,1,1,0,0,1,1,0,0,0,0,0,310,929,0,1253,1131
"hsa-miR-2276-3p",0,0,0,5,0,0,0,0,0,0,0,0,0,0,0,0,0,0,0,0,0,0,0,0,0,0,0,0,0,0,0,0,0,0
"hsa-miR-2277-5p",0,0,0,5,0,0,0,0,0,0,12,2,0,0,0,0,0,0,0,0,0,0,0,0,0,0,0,0,0,0,13,0,0,0
"hsa-miR-2355-5p",0,0,0,11,0,0,0,0,0,0,0,0,9,0,0,0,0,0,0,0,0,0,0,0,0,0,0,0,0,0,0,0,0,0
"hsa-miR-24-1-5p",0,0,0,11,0,0,0,0,0,0,0,0,0,0,0,0,0,0,0,0,0,0,0,0,0,0,0,0,0,0,0,0,0,0
"hsa-miR-24-2-5p",0,0,0,22,0,0,0,15,0,0,0,4,0,0,0,0,0,0,0,0,0,0,0,0,0,0,0,0,0,0,13,0,0,0
"hsa-miR-25-5p",0,0,0,488,0,0,0,348,89,198,803,293,174,59,559,0,0,0,0,0,0,0,0,0,0,1,0,972,480,0,0,746,309,0
"hsa-miR-26b-3p",0,0,0,4590,2570,0,0,1422,147,5358,1704,1089,3225,89,0,0,0,1,0,1,1,1,0,1,1,1,0,0,0,3306,4429,0,1734,3430
"hsa-miR-27b-5p",0,0,0,22,0,0,0,0,0,9,0,0,0,0,0,0,0,0,0,0,0,0,0,0,0,0,0,0,0,0,13,0,0,0
"hsa-miR-29b-3p",0,0,0,5,10,0,0,0,0,0,0,2,9,0,0,199,0,0,0,0,0,0,0,0,0,0,0,0,0,0,0,0,0,0
"hsa-miR-29c-3p",0,0,0,789,941,941,0,0,0,320,397,282,628,24,0,0,0,0,1,0,1,0,1,0,1,0,0,0,0,1646,0,534,0,0
"hsa-miR-29c-5p",0,0,0,5,0,0,0,0,0,0,23,0,9,0,0,0,0,0,0,0,0,0,0,0,0,0,0,0,0,0,0,0,0,0
"hsa-miR-3065-3p",0,0,0,5,0,0,0,0,0,0,0,0,0,0,0,0,0,0,0,0,0,0,0,64,0,0,0,0,0,0,0,0,0,0
"hsa-miR-3074-5p",0,0,0,5,0,0,0,0,0,9,0,2,0,0,0,0,0,0,0,0,0,0,0,0,45,0,0,0,0,0,0,0,0,0
"hsa-miR-30d-3p",0,0,0,586,0,0,0,0,0,512,0,160,0,0,0,0,0,0,0,0,0,0,1,1,0,0,0,0,0,0,833,0,0,0
"hsa-miR-3120-3p",0,0,0,267,0,0,0,0,0,0,0,94,0,0,0,0,0,0,1,0,0,0,0,0,0,0,0,0,0,0,0,0,131,0
"hsa-miR-3121-3p",0,0,0,5,0,0,0,0,0,0,0,0,0,0,0,0,0,0,0,0,0,0,0,0,0,0,0,0,0,0,0,0,0,0
"hsa-miR-3127-5p",0,0,0,5,0,0,0,0,0,0,0,0,0,0,0,0,0,0,0,0,0,0,0,0,0,67,0,0,0,0,0,0,0,0
"hsa-miR-3138",0,0,0,22,0,0,0,0,0,0,0,0,0,0,0,0,0,0,0,0,0,0,0,0,0,0,0,0,0,0,0,0,0,32
"hsa-miR-3158-3p",0,0,0,146304,370409,0,0,221161,131312,0,2,1,3,0,0,4,0,2,0,0,0,9,4,0,3,2,0,0,3,0,2,2,0,0
"hsa-miR-3177-3p",0,0,0,22,0,0,0,15,0,28,35,4,0,0,0,0,0,0,0,0,40,0,0,0,0,0,0,0,0,0,0,0,0,0
"hsa-miR-3180-5p",0,0,0,5,0,0,0,0,0,0,0,0,0,0,0,0,0,0,0,0,0,0,0,0,0,0,0,0,0,0,0,0,0,0
"hsa-miR-3183",0,0,0,5,0,0,0,0,0,0,0,0,0,0,0,0,0,0,0,0,0,0,0,0,0,0,0,0,0,0,0,0,0,0
"hsa-miR-32-3p",0,0,0,5,0,0,0,0,0,0,0,0,0,0,0,0,0,0,0,0,0,0,0,0,0,0,0,0,0,0,0,0,0,0
"hsa-miR-320b",0,0,0,62361,0,0,0,0,49115,2,1,1,0,0,1,4,0,3,0,3,0,0,0,2,6,2,5,0,0,0,0,3,1,0
"hsa-miR-320d",0,0,0,55758,0,0,0,349440,0,0,0,1,0,0,0,0,3,12,0,0,0,0,0,0,0,0,0,1,0,0,0,0,1,0
"hsa-miR-323a-3p",0,0,0,5,0,0,0,0,0,0,0,2,0,2,0,0,0,0,0,0,0,0,0,0,0,0,0,71,0,0,0,0,0,0
"hsa-miR-323b-3p",0,0,0,3749,914,0,0,1006,0,0,0,242,0,29,0,0,0,0,1,0,0,0,0,0,0,0,0,0,0,67,91,290,0,0
"hsa-miR-324-5p",0,0,0,285,0,0,0,0,110,0,0,0,0,17,0,0,0,1,0,0,0,0,0,0,0,0,0,0,0,67,0,0,0,0
"hsa-miR-326",0,0,0,3388,623,0,0,936,435,2026,2155,223,0,253,0,0,0,0,1,0,0,0,0,0,0,0,0,0,0,0,776,1126,3568,0
"hsa-miR-330-3p",0,0,0,1685,136,0,2914,193,392,2631,1588,93,448,0,0,0,0,1,1,1,0,0,0,0,0,0,0,0,0,0,1729,2488,991,0
"hsa-miR-331-3p",0,0,0,16,10,0,0,23,0,0,12,0,0,0,0,0,0,0,0,0,0,0,0,0,0,0,0,0,0,0,0,19,0,0
"hsa-miR-335-3p",0,0,0,6092,211,531,0,637,82,1972,212,150,505,0,484,0,0,0,0,0,0,0,0,0,0,0,1,0,0,1627,2181,0,0,0
"hsa-miR-337-3p",0,0,0,5,0,0,0,0,0,0,0,0,0,0,0,0,0,0,0,0,0,0,0,0,0,0,0,0,0,0,0,0,0,0
"hsa-miR-338-3p",0,0,0,804,958,0,1994,0,534,1403,854,353,277,165,1878,0,0,1,0,0,0,0,1,1,0,1,0,0,0,0,2453,0,1497,1903
"hsa-miR-338-5p",0,0,0,5,16,0,0,0,0,9,0,2,0,0,0,0,0,0,0,0,0,0,0,0,0,0,0,0,0,0,0,0,0,0
"hsa-miR-339-3p",0,0,0,3055,2322,0,5868,1699,216,4691,1858,1402,399,895,1289,0,0,0,1,1,1,1,1,1,0,1,0,847,5855,0,1556,0,1330,2675
"hsa-miR-33b-5p",0,0,0,11,5,0,0,0,5,0,0,0,0,0,0,0,0,0,0,0,0,0,0,0,0,0,0,0,0,0,0,0,0,0
"hsa-miR-340-5p",0,0,0,3763,576,1963,0,576,147,2520,0,58,0,94,897,0,0,1,0,1,0,1,0,0,1,1,0,0,0,0,4530,0,0,0
"hsa-miR-34a-3p",0,0,0,5,0,0,0,0,0,0,0,0,0,0,0,0,0,0,0,0,0,0,0,0,0,0,0,0,0,0,0,0,0,0
"hsa-miR-3661",0,0,0,5,0,0,0,0,0,0,12,0,26,0,0,0,0,0,0,0,0,0,0,0,0,0,0,0,0,0,0,0,0,0
"hsa-miR-3677-3p",0,0,0,552,0,0,0,0,0,307,0,57,0,24,0,0,0,0,0,0,1,0,0,0,0,0,0,0,616,0,0,0,0,0
"hsa-miR-369-3p",0,0,0,5,0,0,0,15,0,0,0,0,0,0,0,0,0,0,0,0,0,0,0,0,0,0,0,0,0,0,0,0,0,0
"hsa-miR-369-5p",0,0,0,16,0,0,0,0,0,0,0,0,0,0,0,0,0,0,0,0,0,0,0,0,0,0,0,0,0,0,0,19,0,0
"hsa-miR-370-3p",0,0,0,4161,1197,0,0,1053,0,0,0,445,0,31,0,0,0,0,0,0,0,0,0,1,0,1,0,0,0,93,273,0,0,331
"hsa-miR-374b-5p",0,0,0,934410,613922,0,0,366677,0,1,0,0,0,1,0,4,3,0,0,0,14,0,5,8,0,0,0,0,0,1,0,2,0,0
"hsa-miR-377-5p",0,0,0,5,0,0,0,0,0,0,0,0,0,0,0,0,0,0,0,0,0,0,0,0,0,0,0,0,0,0,0,0,0,0
"hsa-miR-380-3p",0,0,0,5,0,0,0,0,0,0,0,0,0,0,0,0,0,0,0,0,0,0,0,0,0,0,0,0,0,0,0,0,0,0
"hsa-miR-381-3p",0,0,0,682,660,532,0,468,81,571,223,74,0,137,0,0,0,0,0,0,0,0,0,0,0,1,0,0,0,665,0,592,0,0
"hsa-miR-3913-5p",0,0,0,5,0,0,52,0,0,0,0,0,0,0,0,0,0,0,0,0,0,0,0,0,0,0,0,0,0,0,0,0,0,32
"hsa-miR-3928-3p",0,0,0,870,0,0,0,220,0,582,0,116,247,83,0,0,0,0,0,0,0,0,0,1,0,1,0,0,0,0,0,404,160,737
"hsa-miR-409-5p",0,0,0,33,5,0,0,0,15,0,0,4,0,0,0,0,0,0,0,0,0,0,0,0,0,0,0,71,0,0,0,0,9,0
"hsa-miR-410-3p",0,0,0,3088,0,0,0,425,396,759,0,526,0,71,0,0,0,0,0,0,0,0,0,0,1,0,0,0,353,434,369,0,0,450
"hsa-miR-411-3p",0,0,0,5,0,0,0,0,0,0,0,0,0,0,0,0,0,0,0,0,0,0,0,0,0,0,0,0,0,0,0,0,0,0
"hsa-miR-411-5p",0,0,0,2130,119,0,1275,169,218,1603,1122,37,0,153,0,0,0,0,0,0,1,0,1,0,0,0,0,0,0,0,0,0,0,3533
"hsa-miR-412-5p",0,0,0,16,0,0,0,0,0,0,0,0,0,0,0,0,0,0,0,0,0,0,0,0,0,0,0,0,0,0,0,0,0,0
"hsa-miR-424-5p",0,0,0,11,0,77,0,0,0,0,0,0,0,0,0,0,0,0,56,0,0,0,0,96,0,0,0,0,0,0,0,0,0,0
"hsa-miR-425-3p",0,0,0,1851,0,0,0,211,0,1153,0,450,230,77,0,0,0,1,1,0,0,0,0,0,0,0,0,0,0,0,728,1047,417,0
"hsa-miR-4267",0,0,0,5,0,0,0,0,0,0,0,0,0,0,0,0,0,0,0,0,0,0,0,0,0,0,0,0,0,0,0,0,0,0
"hsa-miR-431-5p",0,0,0,1709,168,0,0,239,485,1949,788,503,0,86,0,0,0,0,1,0,0,0,0,0,0,0,0,0,0,1600,2132,0,254,0
"hsa-miR-432-5p",0,0,0,154,0,0,0,45,24,158,58,44,9,8,25,0,0,0,0,0,0,0,0,0,0,0,0,0,0,0,66,112,9,0
"hsa-miR-433-3p",0,0,0,22,0,0,0,8,5,9,35,2,0,2,0,0,0,0,112,0,0,0,0,0,0,0,0,0,0,0,0,0,0,0
"hsa-miR-433-5p",0,0,0,5,0,0,0,0,0,0,0,0,0,0,0,0,0,0,0,0,0,0,0,0,0,0,0,0,0,0,0,0,0,0
"hsa-miR-4422",0,0,0,5,0,0,0,0,0,9,0,0,0,0,0,0,0,0,0,0,0,0,0,0,90,0,0,0,0,0,0,0,0,0
"hsa-miR-4433b-3p",0,0,0,27,0,0,0,0,0,0,12,0,0,0,0,0,0,0,56,0,0,0,0,0,0,0,0,0,0,0,0,0,0,0
"hsa-miR-4435",0,0,0,27,0,0,0,23,5,28,12,0,0,0,0,0,0,0,0,0,0,0,0,0,0,0,0,0,0,0,13,19,0,32
"hsa-miR-4446-3p",0,0,0,3577,133,0,0,2271,659,12498,1818,86,626,210,0,0,0,1,0,0,0,0,0,1,0,0,0,0,1743,5659,1824,4261,3149,0
"hsa-miR-4449",0,0,0,5,0,0,0,15,5,0,0,0,0,0,0,0,0,0,0,0,0,0,0,0,0,0,100,0,0,0,0,0,0,0
"hsa-miR-450a-5p",0,0,0,380,236,595,0,0,91,0,548,85,0,0,0,0,0,0,0,0,0,0,0,0,1,0,0,0,0,0,798,0,0,0
"hsa-miR-454-5p",0,0,0,3095,210,0,0,0,166,367,0,152,0,0,0,0,0,0,0,0,1,0,0,0,0,0,1,372,0,319,0,0,0,0
"hsa-miR-4645-3p",0,0,0,27,0,0,0,0,0,0,0,0,0,0,0,0,0,0,0,0,0,0,0,0,0,0,0,0,0,0,0,0,0,0
"hsa-miR-4647",0,0,0,16,0,0,0,0,0,0,0,0,0,0,0,0,0,0,0,0,0,0,0,0,0,0,0,0,0,0,0,0,0,32
"hsa-miR-4662a-5p",0,0,0,16,10,0,0,0,0,9,0,0,0,0,0,0,0,0,0,0,0,0,0,0,0,0,0,24,0,0,0,0,0,0
"hsa-miR-4665-5p",0,0,0,11,0,0,0,0,0,0,0,0,0,0,0,0,0,0,0,0,0,0,0,0,0,0,0,0,0,0,0,0,0,0
"hsa-miR-4666a-5p",0,0,0,11,0,0,0,0,0,0,0,0,0,0,0,0,0,0,0,0,0,0,0,0,0,0,0,0,0,0,0,0,0,0
"hsa-miR-4687-5p",0,0,0,22,0,0,0,0,0,0,0,4,26,2,0,0,0,0,0,0,0,0,0,0,0,0,0,0,0,10,0,37,0,0
"hsa-miR-4755-3p",0,0,0,16,0,26,0,0,0,19,0,0,0,2,0,0,0,0,0,0,0,0,0,0,0,0,0,0,0,0,13,19,0,0
"hsa-miR-485-3p",0,0,0,5,0,0,0,0,0,9,12,0,0,0,0,0,0,0,0,0,0,0,0,0,0,0,0,0,0,10,0,0,0,0
"hsa-miR-485-5p",0,0,0,2015,0,0,0,501,0,287,0,803,0,22,0,0,0,0,0,0,0,0,0,0,1,1,0,0,0,295,181,903,0,0
"hsa-miR-487b-3p",0,0,0,27,0,0,0,0,0,0,0,7,0,0,0,0,0,0,0,0,0,0,0,0,0,0,0,0,0,0,0,19,0,0
"hsa-miR-493-3p",0,0,0,22,0,0,0,0,0,0,0,0,0,0,0,0,0,0,0,0,0,0,0,0,0,0,0,0,0,0,0,0,0,0
"hsa-miR-493-5p",0,0,0,5,5,0,0,23,0,0,0,0,9,0,0,0,0,0,0,0,0,0,0,0,0,0,0,0,0,0,0,0,0,0
"hsa-miR-496",0,0,0,5,0,0,0,0,0,0,0,0,0,0,0,0,0,0,0,0,0,0,0,0,0,0,0,0,0,0,0,0,0,0
"hsa-miR-5010-5p",0,0,0,934,342,0,0,0,131,1312,0,193,0,0,0,0,0,0,0,0,0,0,0,1,0,0,1,492,0,0,564,0,0,685
"hsa-miR-504-5p",0,0,0,11,5,0,0,0,0,9,0,0,0,0,0,0,0,0,0,0,40,0,0,0,0,0,0,0,0,0,0,0,0,0
"hsa-miR-505-3p",0,0,0,33,5,0,0,0,5,9,12,20,0,0,0,0,0,0,0,0,0,0,0,0,0,0,0,0,0,0,0,0,0,0
"hsa-miR-505-5p",0,0,0,5,5,26,52,8,0,0,0,0,0,0,25,0,0,0,0,0,0,0,0,0,0,0,0,0,0,0,0,19,0,0
"hsa-miR-509-3p",0,0,0,11,0,0,0,8,0,0,0,0,0,0,0,0,0,0,0,0,0,0,0,0,0,0,0,0,51,0,13,0,0,0
"hsa-miR-5189-3p",0,0,0,11,0,0,0,0,0,19,0,0,0,0,0,0,0,0,0,0,0,0,0,0,0,0,0,0,0,0,0,0,26,0
"hsa-miR-5189-5p",0,0,0,38,0,0,0,23,5,28,0,11,0,6,0,0,0,0,0,0,0,0,0,0,0,0,0,0,0,20,40,19,0,0
"hsa-miR-532-3p",0,0,0,11,0,0,52,8,10,0,0,9,9,4,0,0,0,0,0,0,0,0,0,0,0,0,0,0,0,0,0,0,0,0
"hsa-miR-543",0,0,0,5,0,0,0,0,0,0,35,0,0,0,0,0,0,0,0,0,0,0,0,0,0,34,0,0,0,0,0,0,0,0
"hsa-miR-548e-3p",0,0,0,11,0,0,0,0,0,0,0,0,0,0,0,0,0,0,0,0,0,0,0,0,0,0,0,0,0,0,26,0,0,0
"hsa-miR-550a-3p",0,0,0,183,566,1935,0,0,528,658,852,890,1281,620,0,0,0,1,0,0,1,1,1,0,1,1,0,0,0,745,2197,0,2104,0
"hsa-miR-550a-5p",0,0,0,275,0,1414,2875,832,0,477,617,0,201,0,1355,0,0,1,0,0,0,0,0,0,0,0,1,0,0,591,798,0,1654,0
"hsa-miR-550b-3p",0,0,0,11,0,0,52,0,0,0,0,0,0,0,0,0,0,0,0,0,0,0,0,0,0,0,0,0,0,0,0,0,0,0
"hsa-miR-556-5p",0,0,0,5,0,0,0,0,0,9,0,0,0,0,0,0,0,0,0,0,0,0,0,0,0,0,0,0,0,0,0,0,0,32
"hsa-miR-576-5p",0,0,0,38,16,26,156,0,0,37,12,0,0,4,0,0,0,17,0,0,0,0,37,0,0,0,0,0,0,0,0,0,0,0
"hsa-miR-602",0,0,0,5,0,0,0,0,0,0,0,0,0,2,0,0,0,0,0,0,0,0,0,0,0,0,0,0,0,0,0,0,0,0
"hsa-miR-605-3p",0,0,0,11,0,0,0,0,0,0,0,0,0,0,0,0,0,0,0,0,0,0,0,0,0,0,0,0,0,0,0,0,0,0
"hsa-miR-616-5p",0,0,0,5,5,0,0,0,0,0,0,0,0,0,0,0,0,0,0,0,0,0,0,0,0,0,0,0,0,0,0,0,9,0
"hsa-miR-625-3p",0,0,0,9520,356,0,1863,0,320,2320,789,256,574,153,0,0,0,1,0,0,0,0,1,0,1,1,0,2148,1065,827,0,0,687,0
"hsa-miR-625-5p",0,0,0,55,0,0,0,15,15,19,46,0,9,0,49,0,0,0,0,0,0,0,0,0,0,0,0,0,0,0,0,0,0,0
"hsa-miR-628-3p",0,0,0,2415,0,0,3301,0,0,268,0,236,0,205,0,0,0,1,1,0,1,0,1,0,0,0,0,0,0,0,927,0,0,0
"hsa-miR-628-5p",0,0,0,22,5,0,0,0,0,0,0,0,0,0,0,99,0,17,0,0,0,0,0,0,0,0,0,0,0,0,0,0,0,0
"hsa-miR-629-3p",0,0,0,5,0,0,0,0,5,0,12,0,0,0,0,0,0,0,0,0,0,0,0,0,0,0,0,0,0,0,0,0,0,0
"hsa-miR-641",0,0,0,5,0,0,0,0,0,0,0,0,0,0,0,0,0,0,0,0,0,0,75,0,0,0,0,0,0,0,0,0,0,0
"hsa-miR-651-5p",0,0,0,5,0,0,0,0,0,0,0,0,0,0,0,0,0,0,0,0,0,0,0,0,0,0,0,0,0,0,0,0,0,0
"hsa-miR-654-5p",0,0,0,33,0,0,0,38,15,9,0,20,17,2,0,0,0,0,0,0,0,0,0,0,0,0,0,24,0,0,40,37,0,32
"hsa-miR-664a-3p",0,0,0,38,10,0,0,0,10,9,0,0,0,0,0,0,0,0,0,0,0,0,0,0,0,34,0,0,0,0,0,0,0,0
"hsa-miR-664b-3p",0,0,0,5,0,0,0,0,0,0,0,0,0,0,0,0,0,0,0,0,0,0,0,0,0,0,0,0,0,0,0,0,0,32
"hsa-miR-671-5p",0,0,0,11,0,0,0,0,0,0,0,0,0,0,0,0,0,0,0,0,0,0,0,0,0,0,0,0,0,0,0,0,0,0
"hsa-miR-6721-5p",0,0,0,16,0,0,0,8,0,0,0,0,0,0,0,0,0,0,0,0,0,0,0,0,0,0,0,0,0,0,0,0,0,0
"hsa-miR-6741-3p",0,0,0,49646,0,0,0,70737,0,1,0,0,0,0,0,0,3,11,0,0,0,0,0,0,0,0,0,0,0,1,1,1,0,0
"hsa-miR-6754-3p",0,0,0,11,0,0,0,0,0,0,0,0,0,0,0,0,0,0,0,0,0,0,0,0,0,0,0,0,0,0,0,0,0,0
"hsa-miR-6772-3p",0,0,0,800,0,0,0,261,0,2196,0,0,0,0,0,0,0,0,1,0,0,0,0,0,0,0,0,0,0,0,0,1420,0,1170
"hsa-miR-6783-3p",0,0,0,5,0,0,0,0,0,0,0,0,0,0,0,0,0,0,0,0,0,0,0,0,0,0,0,0,0,0,0,0,9,0
"hsa-miR-6802-3p",0,0,0,5,0,0,0,0,0,0,0,0,0,0,0,0,0,0,0,0,0,0,0,0,0,0,0,0,0,0,0,0,0,0
"hsa-miR-6804-3p",0,0,0,5,0,0,52,0,0,9,0,0,0,0,0,0,0,0,0,0,0,0,0,0,0,0,0,0,0,0,0,0,0,0
"hsa-miR-6816-3p",0,0,0,5,0,0,0,0,0,0,0,0,0,0,0,0,0,0,0,0,0,0,0,0,0,0,0,0,0,0,0,0,0,0
"hsa-miR-6817-3p",0,0,0,5,0,0,0,0,0,0,0,0,0,0,0,0,0,0,0,0,0,0,0,0,0,0,0,0,0,0,0,0,0,0
"hsa-miR-6819-3p",0,0,0,5,0,0,52,8,0,9,0,0,0,0,74,0,0,0,0,0,0,0,0,0,0,0,0,0,0,31,40,19,0,32
"hsa-miR-6836-5p",0,0,0,5,0,0,0,0,0,0,0,2,0,0,0,0,0,0,0,0,0,0,0,0,0,0,0,48,0,0,0,0,0,0
"hsa-miR-6837-3p",0,0,0,16,0,0,0,0,0,47,0,0,0,0,0,0,0,0,0,0,0,0,0,0,0,0,0,0,0,0,0,0,0,0
"hsa-miR-6842-3p",0,0,0,1202,0,0,0,304,0,382,0,71,0,29,0,0,0,0,0,0,0,0,0,0,0,0,1,0,0,0,0,0,98,654
"hsa-miR-6852-5p",0,0,0,4046,807,0,0,2158,287,8854,1778,436,498,252,0,0,0,1,1,0,0,0,0,0,0,0,0,3304,1009,342,1682,3460,3149,0
"hsa-miR-6861-5p",0,0,0,5,0,0,0,0,0,0,0,0,0,0,0,0,0,0,0,0,0,0,0,0,0,0,0,0,0,0,0,0,0,0
"hsa-miR-6892-3p",0,0,0,5,0,0,0,0,0,0,0,0,0,0,0,0,0,0,0,0,0,0,0,0,0,0,0,0,0,0,0,0,0,0
"hsa-miR-6894-5p",0,0,0,5,0,0,0,0,0,0,0,0,0,0,0,0,0,0,0,0,0,0,0,0,0,0,0,0,0,0,0,0,0,0
"hsa-miR-6895-5p",0,0,0,5,0,0,0,0,0,0,0,0,0,0,0,0,0,0,0,0,0,0,0,0,0,0,0,0,0,0,0,0,0,0
"hsa-miR-744-3p",0,0,0,16,0,0,0,15,0,9,0,0,0,0,0,0,0,0,0,0,0,0,0,0,0,0,0,0,0,0,0,0,0,0
"hsa-miR-758-3p",0,0,0,5,0,0,0,0,0,0,0,0,9,2,0,0,0,0,168,0,0,0,0,0,0,0,0,0,0,0,0,0,0,0
"hsa-miR-766-3p",0,0,0,82,0,0,0,15,0,56,58,0,17,2,0,0,0,0,0,0,0,0,0,0,0,0,0,0,0,31,0,56,34,32
"hsa-miR-7705",0,0,0,5,0,0,0,0,0,0,0,0,0,0,0,0,0,0,0,0,0,0,0,0,0,0,0,0,0,0,0,0,0,0
"hsa-miR-7849-3p",0,0,0,27,0,0,0,0,0,28,0,2,0,2,0,0,0,0,0,39,0,0,0,0,0,0,0,0,0,0,0,0,0,0
"hsa-miR-7854-3p",0,0,0,5,0,0,0,0,0,0,12,0,0,0,0,0,0,0,0,0,0,0,0,0,0,0,0,0,0,0,0,0,0,0
"hsa-miR-7977",0,0,0,1016,478,0,0,0,429,1837,0,76,368,0,0,0,0,1,1,0,0,1,0,1,0,0,1,772,0,294,396,0,100,1067
"hsa-miR-873-3p",0,0,0,145,0,0,0,0,0,0,363,55,0,0,0,0,0,0,1,0,0,0,0,0,0,0,0,188,206,73,0,0,57,0
"hsa-miR-874-3p",0,0,0,3013,1229,3135,3196,2767,547,9780,599,541,3532,253,4406,0,0,1,0,1,1,1,1,0,1,1,1,3404,2683,1637,3282,2564,1338,6056
"hsa-miR-889-3p",0,0,0,27,5,0,0,0,0,0,0,7,0,4,0,0,0,0,0,0,0,0,0,0,0,0,0,0,0,0,0,0,0,0
"hsa-miR-9-5p",0,0,0,399,0,0,1303,0,96,0,572,0,0,0,0,0,0,0,0,0,0,1,0,0,0,0,0,0,0,0,0,0,0,698
"hsa-miR-92a-1-5p",0,0,0,30483,30487,0,0,0,24011,2,0,1,0,1,0,0,2,0,0,0,0,0,8,0,0,0,0,0,2,0,2,0,0,0
"hsa-miR-937-3p",0,0,0,5,0,0,0,0,0,0,0,0,0,0,25,0,0,0,0,0,0,0,0,0,0,0,0,0,0,0,26,0,0,0
"hsa-miR-943",0,0,0,5,0,0,0,0,0,0,0,0,0,0,0,0,0,0,0,0,0,0,0,0,0,0,0,0,0,0,0,0,0,0
"hsa-miR-95-3p",0,0,0,5,16,0,0,0,5,0,23,0,0,0,0,0,0,0,0,0,0,0,0,0,0,0,0,0,26,0,0,0,0,0
"hsa-miR-10396b-3p",0,0,0,0,10,0,0,0,0,0,0,0,0,0,0,0,0,0,0,0,0,0,0,0,0,0,0,0,0,0,0,0,0,0
"hsa-miR-1226-5p",0,0,0,0,5,0,0,8,5,0,0,0,0,0,0,0,0,0,0,0,0,0,0,0,0,0,50,0,0,0,0,0,0,0
"hsa-miR-132-5p",0,0,0,0,5,0,0,0,0,0,0,0,0,0,0,0,0,0,0,0,0,0,0,0,0,0,0,0,0,0,0,0,0,0
"hsa-miR-136-5p",0,0,0,0,10,0,0,0,0,0,0,4,0,0,0,0,0,0,0,0,0,0,0,0,0,0,0,0,0,0,0,0,0,32
"hsa-miR-1469",0,0,0,0,49506,258369,0,0,0,0,0,1,1,1,0,0,3,0,0,0,0,0,0,4,0,4,6,2,0,0,0,0,0,0
"hsa-miR-196a-5p",0,0,0,0,5,0,0,0,0,0,0,0,0,0,0,0,0,0,0,0,0,0,37,0,0,0,0,0,0,0,0,0,0,0
"hsa-miR-1976",0,0,0,0,61073,0,0,472060,0,3,0,1,1,1,0,4,0,3,0,0,0,0,0,5,7,3,0,3,1,0,1,0,0,0
"hsa-miR-199b-3p",0,0,0,0,7143,0,0,0,2934,0,0,3871,0,1395,0,0,0,1,0,0,0,0,0,0,0,0,0,0,0,0,0,0,0,6658
"hsa-miR-199b-5p",0,0,0,0,135,0,0,0,248,0,0,43,0,18,0,0,0,1,0,0,0,0,0,0,0,0,0,0,0,0,0,51,0,93
"hsa-miR-20a-3p",0,0,0,0,5,0,0,0,0,0,0,0,0,0,0,0,0,0,0,0,0,0,0,0,0,0,0,0,0,0,0,0,0,0
"hsa-miR-29b-2-5p",0,0,0,0,5,0,0,0,0,0,0,0,0,0,0,0,0,0,0,0,0,0,0,0,0,0,0,0,0,0,0,0,0,0
"hsa-miR-32-5p",0,0,0,0,173471,0,0,0,76887,0,1,1,0,0,2,0,3,4,0,0,0,0,0,0,0,7,0,2,0,0,0,0,1,0
"hsa-miR-3613-3p",0,0,0,0,5,0,0,0,0,0,0,0,0,0,0,0,0,0,0,0,0,0,0,0,0,0,0,0,0,0,0,0,0,0
"hsa-miR-365b-3p",0,0,0,0,263,0,1383,0,0,472,0,42,0,18,0,0,0,0,0,0,0,0,0,1,0,0,0,0,0,0,694,0,0,0
"hsa-miR-378c",0,0,0,0,5,0,0,0,0,0,0,0,0,0,0,0,0,0,0,0,0,0,0,0,0,0,0,0,0,0,0,0,0,0
"hsa-miR-3942-5p",0,0,0,0,5,0,0,0,5,0,0,0,0,0,0,0,0,0,0,0,0,0,0,0,0,0,0,0,0,0,0,0,0,0
"hsa-miR-4508",0,0,0,0,5,0,0,8,0,9,0,4,0,0,0,0,0,0,0,0,0,0,0,0,0,0,0,0,0,0,0,0,0,0
"hsa-miR-4516",0,0,0,0,120,0,0,0,0,0,301,0,0,0,0,0,0,0,0,0,0,0,0,0,0,0,1,0,0,0,408,0,0,0
"hsa-miR-452-5p",0,0,0,0,5,0,0,0,0,0,0,0,0,0,0,0,0,0,0,0,0,0,0,0,0,0,0,0,0,0,0,0,0,0
"hsa-miR-4661-5p",0,0,0,0,5,0,0,0,0,0,12,0,0,0,0,0,0,0,0,0,0,0,0,0,0,0,0,0,0,0,0,0,0,0
"hsa-miR-4666a-3p",0,0,0,0,5,0,0,0,0,0,0,0,0,0,0,0,0,0,0,0,0,0,0,0,0,0,0,0,0,0,0,0,0,0
"hsa-miR-4677-3p",0,0,0,0,10,0,0,0,0,0,0,0,0,0,0,0,0,0,0,0,0,0,0,96,0,0,0,0,0,0,0,0,17,0
"hsa-miR-4697-3p",0,0,0,0,5,0,0,0,0,28,0,0,0,0,0,0,0,0,0,0,0,0,0,0,0,0,0,0,0,0,0,0,0,0
"hsa-miR-4758-3p",0,0,0,0,5,0,0,0,0,9,0,0,0,0,0,0,0,0,0,0,0,0,0,0,0,0,0,0,0,0,0,0,9,0
"hsa-miR-4775",0,0,0,0,5,0,0,0,0,0,0,0,0,0,0,0,0,0,0,0,0,0,0,0,0,0,0,0,0,0,0,0,0,0
"hsa-miR-4799-3p",0,0,0,0,5,0,0,0,0,0,0,0,0,0,0,0,0,0,0,0,0,0,0,0,0,0,0,0,0,0,0,0,0,0
"hsa-miR-483-3p",0,0,0,0,182,0,0,275,70,877,0,65,311,0,446,0,0,0,0,0,0,0,0,1,0,0,0,0,0,468,630,0,851,0
"hsa-miR-516b-5p",0,0,0,0,5,0,0,0,0,0,0,0,0,0,0,0,0,0,0,0,0,0,0,0,0,0,0,0,0,0,0,0,0,0
"hsa-miR-520a-3p",0,0,0,0,10,0,0,0,0,0,0,0,0,0,0,0,0,0,0,0,0,0,37,0,0,0,0,0,0,0,0,0,0,0
"hsa-miR-5683",0,0,0,0,444331,907058,924772,0,0,2,0,0,0,0,0,5,0,0,0,0,0,0,0,10,0,0,10,0,0,0,2,0,0,0
"hsa-miR-598-3p",0,0,0,0,525,0,0,0,0,0,0,119,0,0,0,0,0,0,1,1,1,0,0,0,0,0,0,0,0,0,0,0,166,0
"hsa-miR-600",0,0,0,0,21,0,0,0,0,0,0,0,0,0,0,0,0,0,0,0,0,0,0,0,0,0,0,0,0,0,0,0,0,0
"hsa-miR-6090",0,0,0,0,5,0,0,0,0,0,0,0,0,0,0,0,0,0,0,0,0,0,0,0,0,0,0,0,0,0,0,0,0,0
"hsa-miR-627-5p",0,0,0,0,16,0,0,0,0,0,0,0,0,0,0,0,0,0,0,0,0,0,0,0,0,0,0,0,0,0,0,0,0,0
"hsa-miR-664a-5p",0,0,0,0,5,26,0,0,0,19,0,0,0,2,0,0,0,0,0,0,0,0,0,0,0,0,0,0,0,0,0,0,0,0
"hsa-miR-665",0,0,0,0,5,26,0,0,5,0,0,0,17,0,0,99,0,0,0,0,0,0,0,0,0,0,0,0,0,0,0,0,0,0
"hsa-miR-6716-3p",0,0,0,0,5,0,0,0,0,0,0,0,0,0,0,0,0,0,0,0,0,0,0,0,0,0,0,0,0,0,0,0,0,0
"hsa-miR-6738-3p",0,0,0,0,5,0,0,0,0,0,0,0,0,0,0,0,0,0,0,0,0,0,0,0,0,0,0,0,0,0,0,0,0,0
"hsa-miR-6748-3p",0,0,0,0,5,0,0,0,0,0,0,0,0,0,0,0,0,0,0,0,0,0,0,0,0,0,0,0,0,0,0,19,0,0
"hsa-miR-6786-3p",0,0,0,0,5,0,0,0,0,0,0,2,0,0,0,0,0,33,0,0,0,0,0,0,0,0,0,0,0,0,0,0,0,0
"hsa-miR-6793-5p",0,0,0,0,5,0,0,0,0,0,0,0,0,0,0,0,0,0,0,0,0,0,0,0,0,0,0,0,0,0,0,0,0,0
"hsa-miR-6820-5p",0,0,0,0,5,0,0,0,0,0,0,0,0,0,0,0,0,0,0,0,0,0,0,0,0,0,0,0,0,10,0,0,0,0
"hsa-miR-6855-5p",0,0,0,0,5,0,0,0,0,0,0,0,0,0,0,0,0,0,0,0,0,0,0,0,0,0,0,0,0,0,0,0,0,0
"hsa-miR-6885-5p",0,0,0,0,5,0,0,0,0,0,0,0,0,0,0,0,0,33,0,0,0,0,0,0,0,0,0,0,0,31,0,0,0,0
"hsa-miR-7848-3p",0,0,0,0,5,0,0,0,0,0,0,2,0,0,0,0,0,0,0,0,0,0,0,0,0,0,0,0,0,0,0,0,0,0
"hsa-miR-8061",0,0,0,0,219,0,0,1991,0,1221,225,74,741,0,1083,0,0,0,0,0,0,1,0,0,0,0,0,2805,0,310,929,0,0,0
"hsa-miR-874-5p",0,0,0,0,5,0,52,8,0,0,0,0,0,0,25,0,0,0,0,0,0,0,0,0,0,0,0,0,0,0,0,0,0,0
"hsa-miR-887-5p",0,0,0,0,70,0,0,1195,55,0,149,0,236,9,1073,0,0,1,0,0,0,0,0,0,0,0,0,0,0,0,0,0,1781,0
"hsa-miR-98-3p",0,0,0,0,10,0,0,0,0,0,12,0,0,0,0,0,0,0,0,0,0,0,0,0,0,0,0,0,0,0,0,0,9,0
"hsa-miR-1306-5p",0,0,0,0,0,868,0,0,0,305,377,56,0,0,0,0,0,0,0,1,0,0,0,0,0,1,0,0,0,0,0,0,0,992
"hsa-miR-1915-3p",0,0,0,0,0,945,0,258,0,322,0,0,0,25,0,0,0,0,0,1,1,1,0,1,0,0,0,0,0,0,497,0,0,0
"hsa-miR-193b-5p",0,0,0,0,0,26,0,0,0,0,0,4,0,0,0,0,0,0,0,0,40,0,0,0,0,0,0,0,0,0,0,0,0,0
"hsa-miR-19a-3p",0,0,0,0,0,1164,0,318,0,0,0,345,0,0,0,0,0,0,0,0,0,0,1,1,0,1,1,0,0,460,0,0,0,0
"hsa-miR-4259",0,0,0,0,0,2481,0,0,0,0,737,0,242,21,0,0,0,0,1,0,1,0,0,0,0,1,0,0,0,0,0,1253,0,0
"hsa-miR-4745-5p",0,0,0,0,0,26,0,0,0,0,0,4,0,0,0,0,0,0,0,0,0,0,0,0,0,0,0,0,51,0,0,0,0,0
"hsa-miR-489-3p",0,0,0,0,0,52,0,0,0,0,0,0,0,0,0,0,0,0,0,0,0,0,0,0,0,0,0,0,0,0,0,0,0,0
"hsa-miR-5587-3p",0,0,0,0,0,26,0,0,0,0,0,0,0,0,0,0,0,0,0,0,0,0,0,0,0,0,0,0,0,0,0,0,0,0
"hsa-miR-6738-5p",0,0,0,0,0,26,0,0,0,0,0,0,0,0,0,0,0,0,0,0,40,207,0,32,0,67,150,0,0,0,0,0,0,0
"hsa-miR-6803-3p",0,0,0,0,0,26,0,8,5,0,0,0,0,0,0,0,0,0,0,78,0,0,0,0,0,0,0,0,0,0,0,0,0,32
"hsa-miR-6827-3p",0,0,0,0,0,26,0,0,0,0,0,0,0,0,0,0,0,0,0,0,0,0,0,0,0,0,0,0,0,0,0,0,0,0
"hsa-miR-7856-5p",0,0,0,0,0,52,0,0,0,0,12,2,0,0,0,0,0,0,0,0,0,0,0,0,0,0,0,0,0,0,0,0,0,0
"hsa-miR-101-5p",0,0,0,0,0,0,52,0,0,0,0,0,0,0,0,0,0,0,0,0,0,0,0,0,0,0,0,0,0,0,0,0,0,0
"hsa-miR-124-3p",0,0,0,0,0,0,52,0,0,0,0,0,0,0,0,0,0,0,0,0,0,0,0,0,0,0,0,0,0,0,0,0,0,0
"hsa-miR-210-5p",0,0,0,0,0,0,1288,0,0,213,0,0,187,0,596,0,0,0,0,0,1,0,0,0,0,0,0,0,0,183,247,790,0,0
"hsa-miR-30c-2-3p",0,0,0,0,0,0,549217,0,0,0,1,1,0,0,1,0,3,0,12,0,0,0,0,0,0,0,0,0,0,2,0,0,0,0
"hsa-miR-31-5p",0,0,0,0,0,0,312,0,0,0,12,2,0,0,0,0,0,0,0,0,0,0,0,0,0,101,0,0,0,0,0,0,0,0
"hsa-miR-4513",0,0,0,0,0,0,2604,0,0,0,0,0,0,0,0,0,0,0,0,0,0,0,0,0,0,0,0,0,0,0,0,0,0,0
"hsa-miR-4746-5p",0,0,0,0,0,0,2110,0,0,338,0,0,0,0,0,0,0,0,1,0,0,0,0,0,0,0,0,0,0,233,0,207,0,0
"hsa-miR-4786-5p",0,0,0,0,0,0,104,0,0,0,0,0,0,0,0,0,0,0,0,0,0,0,0,0,0,0,0,0,0,0,0,0,0,0
"hsa-miR-7704",0,0,0,0,0,0,104,15,0,19,0,2,0,2,0,0,107,0,0,0,0,41,0,0,0,0,0,0,0,0,0,0,0,0
"hsa-miR-10b-3p",0,0,0,0,0,0,0,0,81,210,0,0,0,63,0,0,0,0,0,0,0,0,1,0,0,0,0,0,0,391,0,0,0,0
"hsa-miR-216b-3p",0,0,0,0,0,0,0,0,0,0,0,0,0,2,0,0,0,0,0,0,0,0,0,0,0,0,0,0,0,0,0,0,0,0
"hsa-miR-379-5p",0,0,0,0,0,0,0,0,0,0,0,0,0,0,0,0,0,0,0,0,0,0,0,0,0,0,0,0,0,0,0,0,0,0
"hsa-miR-4485-3p",0,0,0,0,0,0,0,0,0,37,0,0,0,0,0,0,0,0,0,0,0,0,0,0,0,0,0,0,0,0,0,0,0,0
"hsa-miR-10226",0,0,0,0,0,0,0,38,0,9,0,0,0,0,0,0,0,0,0,0,0,0,0,0,0,0,0,0,0,0,0,0,0,0
"hsa-miR-10401-5p",0,0,0,0,0,0,0,8,0,0,0,0,0,0,0,0,0,0,0,0,0,0,0,0,0,0,0,0,0,0,0,0,0,0
"hsa-miR-1290",0,0,0,0,0,0,0,8,0,0,0,0,0,0,0,0,0,0,0,0,0,0,0,32,0,0,0,0,0,0,0,0,0,0
"hsa-miR-1292-3p",0,0,0,0,0,0,0,15,0,0,0,0,0,0,0,0,0,0,0,0,0,0,0,0,0,0,0,0,0,0,0,0,0,0
"hsa-miR-1538",0,0,0,0,0,0,0,118,66,497,0,0,0,0,0,0,0,0,0,0,0,0,1,0,0,0,0,0,0,0,0,0,523,0
"hsa-miR-17-3p",0,0,0,0,0,0,0,8,5,56,0,0,0,0,0,0,107,0,0,78,40,0,0,0,0,0,50,0,0,0,0,0,0,0
"hsa-miR-20b-5p",0,0,0,0,0,0,0,15,0,0,12,0,0,0,0,0,0,0,0,0,0,83,0,0,0,0,0,0,0,0,0,0,0,0
"hsa-miR-3678-5p",0,0,0,0,0,0,0,8,0,0,0,0,0,0,0,0,0,0,0,0,0,0,0,0,0,0,0,0,0,0,0,0,0,0
"hsa-miR-378i",0,0,0,0,0,0,0,15,0,9,0,0,0,0,0,0,0,0,0,0,0,0,0,0,0,0,0,0,0,0,0,0,0,0
"hsa-miR-4324",0,0,0,0,0,0,0,8,0,0,0,0,0,0,0,0,0,0,0,0,0,0,0,0,0,0,0,0,0,0,0,0,0,0
"hsa-miR-4446-5p",0,0,0,0,0,0,0,15,0,0,0,0,0,0,0,0,0,0,0,0,0,0,0,0,0,0,0,0,0,0,0,0,0,0
"hsa-miR-4492",0,0,0,0,0,0,0,8,10,0,23,0,9,0,25,0,0,0,0,0,40,0,0,0,45,0,0,0,0,0,0,0,0,0
"hsa-miR-455-5p",0,0,0,0,0,0,0,8,0,0,0,0,0,0,0,0,0,0,0,0,0,0,0,0,0,0,0,0,0,0,0,0,0,0
"hsa-miR-4776-3p",0,0,0,0,0,0,0,8,0,0,0,0,0,0,0,0,0,0,0,0,0,83,0,0,0,0,0,95,26,0,0,0,9,0
"hsa-miR-483-5p",0,0,0,0,0,0,0,338822,0,0,2,1,0,0,0,4,0,0,0,17,0,0,0,0,0,0,0,0,0,0,1,0,0,2
"hsa-miR-668-3p",0,0,0,0,0,0,0,8,0,0,0,0,0,0,0,0,0,0,56,0,0,0,0,0,0,0,0,0,0,0,0,0,0,0
"hsa-miR-6735-5p",0,0,0,0,0,0,0,8,0,0,0,0,0,2,0,0,0,0,0,0,0,0,0,0,0,0,0,0,0,0,0,19,9,32
"hsa-miR-6834-3p",0,0,0,0,0,0,0,8,0,0,0,0,0,0,0,0,0,0,0,0,0,0,0,0,0,0,0,0,0,0,0,0,0,0
"hsa-miR-6839-5p",0,0,0,0,0,0,0,8,0,0,0,0,0,0,0,0,0,0,0,0,40,0,0,0,0,0,0,0,0,0,0,0,0,0
"hsa-miR-6852-3p",0,0,0,0,0,0,0,8,0,0,0,2,0,4,0,0,0,0,0,0,0,0,0,0,0,0,0,0,0,0,0,0,0,0
"hsa-miR-6856-3p",0,0,0,0,0,0,0,8,0,0,0,0,0,0,0,0,0,0,0,0,0,0,0,0,0,0,0,0,0,0,0,0,0,0
"hsa-miR-6858-5p",0,0,0,0,0,0,0,8,0,0,0,0,17,0,0,0,0,0,0,0,0,0,0,0,0,0,0,0,0,0,0,0,0,0
"hsa-miR-6859-5p",0,0,0,0,0,0,0,8,0,0,0,0,0,0,0,0,0,0,0,0,0,0,0,0,0,0,0,0,0,0,0,0,17,0
"hsa-miR-6892-5p",0,0,0,0,0,0,0,8,0,0,0,0,0,0,0,0,0,0,0,0,0,0,0,0,0,0,0,0,0,0,0,0,0,0
"hsa-miR-7155-3p",0,0,0,0,0,0,0,8,0,0,0,0,17,0,0,0,0,0,0,0,0,0,0,0,0,0,0,0,0,0,0,0,0,0
"hsa-miR-766-5p",0,0,0,0,0,0,0,8,0,0,0,0,0,0,0,0,0,0,0,0,0,0,0,0,0,0,0,0,0,0,0,0,0,0
"hsa-miR-10395-5p",0,0,0,0,0,0,0,0,579,0,0,111,524,0,0,0,0,0,0,1,0,0,0,0,1,0,0,0,0,157,0,0,11,782
"hsa-miR-10399-5p",0,0,0,0,0,0,0,0,5,0,0,0,0,0,0,0,0,0,0,0,0,0,0,0,0,0,0,0,0,0,0,0,0,0
"hsa-miR-1224-5p",0,0,0,0,0,0,0,0,10,0,0,4,0,0,0,0,0,0,0,0,0,0,0,0,0,0,0,0,0,0,0,0,0,0
"hsa-miR-1226-3p",0,0,0,0,0,0,0,0,5,0,0,0,0,0,0,0,0,0,0,0,0,0,0,0,0,0,0,48,0,0,0,0,0,0
"hsa-miR-1228-5p",0,0,0,0,0,0,0,0,5,0,0,0,0,0,0,0,0,0,0,0,0,0,0,0,0,0,0,0,0,0,0,0,0,0
"hsa-miR-1291",0,0,0,0,0,0,0,0,5,0,0,0,0,0,0,0,0,0,0,0,0,83,0,0,45,0,0,0,0,41,0,0,0,0
"hsa-miR-3150a-5p",0,0,0,0,0,0,0,0,5,0,0,0,0,0,0,0,0,0,0,39,0,0,0,0,0,0,0,0,0,0,0,0,0,0
"hsa-miR-3160-3p",0,0,0,0,0,0,0,0,5,0,0,0,0,2,0,0,0,0,0,0,0,0,0,0,0,0,0,0,0,0,0,0,0,0
"hsa-miR-3922-5p",0,0,0,0,0,0,0,0,5,0,0,0,0,0,0,0,0,0,0,0,0,0,0,0,0,0,0,0,0,0,0,0,0,0
"hsa-miR-4734",0,0,0,0,0,0,0,0,5,0,0,0,0,0,0,0,0,0,0,0,0,0,0,0,0,0,0,0,0,0,0,0,0,0
"hsa-miR-4787-3p",0,0,0,0,0,0,0,0,5,0,0,4,0,0,0,0,0,0,0,0,0,0,0,0,0,0,0,0,0,0,0,0,0,0
"hsa-miR-4800-3p",0,0,0,0,0,0,0,0,129,330,0,0,0,0,0,0,0,0,0,0,1,0,0,0,0,0,0,0,0,0,0,0,0,449
"hsa-miR-577",0,0,0,0,0,0,0,0,5,0,0,0,0,0,0,0,107,0,0,0,0,0,0,0,0,0,0,0,0,0,0,0,0,0
"hsa-miR-636",0,0,0,0,0,0,0,0,5,0,0,4,0,0,0,0,0,17,0,0,0,0,0,64,0,0,0,0,0,0,0,0,0,0
"hsa-miR-6516-3p",0,0,0,0,0,0,0,0,5,0,0,0,0,0,0,0,0,0,0,0,0,0,0,0,0,0,0,0,0,0,0,0,0,0
"hsa-miR-653-5p",0,0,0,0,0,0,0,0,5,0,0,0,0,0,0,0,107,0,0,0,0,0,0,0,0,0,0,0,0,0,0,0,0,0
"hsa-miR-6777-3p",0,0,0,0,0,0,0,0,157,339,0,143,143,124,457,0,0,1,1,0,0,0,0,0,0,0,0,0,0,1444,0,0,0,0
"hsa-miR-6884-5p",0,0,0,0,0,0,0,0,5,0,0,0,0,0,0,0,0,0,0,0,0,0,0,0,0,0,0,0,0,0,0,0,0,0
"hsa-miR-7155-5p",0,0,0,0,0,0,0,0,5,0,0,0,0,0,0,0,0,0,0,0,0,0,0,0,0,0,0,0,0,0,0,0,0,0
"hsa-miR-1185-1-3p",0,0,0,0,0,0,0,0,0,19,0,0,0,0,0,0,0,0,0,0,0,0,0,0,0,0,0,0,0,0,0,0,0,0
"hsa-miR-1225-3p",0,0,0,0,0,0,0,0,0,9,0,0,0,0,0,0,0,0,0,0,0,0,0,0,0,0,0,0,0,0,0,0,0,0
"hsa-miR-1249-3p",0,0,0,0,0,0,0,0,0,9,0,0,0,0,0,0,0,0,0,0,0,0,0,0,0,0,0,0,0,0,0,0,0,0
"hsa-miR-135a-2-3p",0,0,0,0,0,0,0,0,0,9,0,0,0,0,0,0,0,0,0,0,0,0,0,0,0,0,0,0,0,0,0,0,0,0
"hsa-miR-18b-3p",0,0,0,0,0,0,0,0,0,9,0,0,0,0,0,0,0,0,0,0,0,0,0,0,0,0,0,0,0,0,0,0,0,0
"hsa-miR-1908-3p",0,0,0,0,0,0,0,0,0,9,0,0,0,0,0,0,0,0,0,0,0,0,0,0,0,0,0,0,0,0,0,0,9,0
"hsa-miR-212-3p",0,0,0,0,0,0,0,0,0,37,0,0,0,0,0,0,0,0,0,0,0,0,0,0,0,0,50,0,0,0,0,0,0,0
"hsa-miR-214-3p",0,0,0,0,0,0,0,0,0,28,0,0,9,0,0,0,0,0,56,0,0,0,37,0,0,0,0,0,0,20,13,0,9,0
"hsa-miR-301b-3p",0,0,0,0,0,0,0,0,0,9,0,0,9,0,0,0,0,0,0,0,0,0,0,0,0,0,0,0,0,0,0,0,0,0
"hsa-miR-3161",0,0,0,0,0,0,0,0,0,19,0,0,0,0,0,0,0,0,0,0,0,0,0,0,0,0,0,0,0,0,0,0,0,0
"hsa-miR-3190-5p",0,0,0,0,0,0,0,0,0,9,0,0,0,0,0,0,0,0,0,0,0,0,0,0,0,0,0,0,0,0,0,0,0,0
"hsa-miR-3200-5p",0,0,0,0,0,0,0,0,0,9,0,0,0,0,25,0,0,0,0,0,0,0,0,0,0,0,0,0,0,0,0,0,0,0
"hsa-miR-320c",0,0,0,0,0,0,0,0,0,9,0,0,9,0,0,0,0,0,0,0,0,0,0,0,0,0,0,0,0,0,0,0,9,0
"hsa-miR-3912-3p",0,0,0,0,0,0,0,0,0,9,0,0,0,0,0,0,0,0,0,0,0,0,0,0,0,0,0,0,0,0,0,0,0,0
"hsa-miR-3922-3p",0,0,0,0,0,0,0,0,0,9,0,0,0,0,0,0,0,0,0,0,0,0,0,0,0,0,0,0,0,0,0,0,0,0
"hsa-miR-450b-5p",0,0,0,0,0,0,0,0,0,19,0,2,0,2,0,0,0,0,0,0,0,0,0,0,0,0,0,0,0,0,13,0,0,64
"hsa-miR-4523",0,0,0,0,0,0,0,0,0,9,0,0,0,0,0,0,0,0,0,0,0,0,0,0,0,0,0,0,0,0,0,0,0,0
"hsa-miR-4654",0,0,0,0,0,0,0,0,0,9,0,0,0,0,0,0,0,0,0,0,0,0,0,0,0,0,0,0,0,0,0,0,0,0
"hsa-miR-4715-5p",0,0,0,0,0,0,0,0,0,9,0,0,0,0,0,0,0,0,0,0,0,0,0,0,0,0,0,0,0,0,0,0,0,0
"hsa-miR-6514-5p",0,0,0,0,0,0,0,0,0,9,0,0,0,0,0,0,0,0,0,0,0,0,0,0,0,0,0,0,0,0,0,0,0,0
"hsa-miR-6724-5p",0,0,0,0,0,0,0,0,0,9,0,0,0,0,0,0,0,0,0,0,0,0,0,0,0,0,0,0,0,0,0,0,0,0
"hsa-miR-6800-3p",0,0,0,0,0,0,0,0,0,9,0,0,0,0,0,0,0,0,0,0,0,0,0,0,0,0,0,0,0,0,0,0,0,0
"hsa-miR-6810-5p",0,0,0,0,0,0,0,0,0,19,0,0,0,0,0,0,0,0,0,0,0,0,0,0,0,0,0,0,0,0,0,0,0,0
"hsa-miR-6826-5p",0,0,0,0,0,0,0,0,0,9,0,0,0,0,0,0,0,0,0,0,0,0,0,0,0,0,0,0,0,0,0,0,0,0
"hsa-miR-6832-5p",0,0,0,0,0,0,0,0,0,28,0,0,0,0,0,0,0,0,0,0,0,0,0,32,0,0,0,0,0,0,0,0,0,0
"hsa-miR-6840-5p",0,0,0,0,0,0,0,0,0,9,12,0,0,0,0,0,0,0,0,0,0,0,0,0,0,0,0,0,0,0,0,0,0,0
"hsa-miR-8081",0,0,0,0,0,0,0,0,0,9,0,0,0,0,0,0,0,0,0,0,0,0,0,0,0,0,0,0,0,0,0,0,0,0
"hsa-miR-3064-5p",0,0,0,0,0,0,0,0,0,0,23,0,0,0,0,0,0,0,0,0,0,0,0,0,45,0,0,0,0,0,0,0,0,0
"hsa-miR-3616-5p",0,0,0,0,0,0,0,0,0,0,12,0,0,0,0,0,0,17,0,0,40,0,0,0,0,0,0,0,0,0,0,0,0,0
"hsa-miR-371b-5p",0,0,0,0,0,0,0,0,0,0,35,2,34,0,0,0,0,0,0,0,0,0,0,0,0,0,0,0,0,0,0,0,0,0
"hsa-miR-431-3p",0,0,0,0,0,0,0,0,0,0,12,2,0,0,0,0,0,0,0,0,0,0,0,0,0,0,0,0,0,0,0,0,0,0
"hsa-miR-4466",0,0,0,0,0,0,0,0,0,0,12,0,0,0,0,0,0,0,0,0,0,0,0,0,0,0,0,0,0,0,0,0,0,0
"hsa-miR-4707-3p",0,0,0,0,0,0,0,0,0,0,12,0,0,0,0,0,0,0,0,0,0,0,0,0,0,0,0,0,0,0,0,0,0,0
"hsa-miR-4732-5p",0,0,0,0,0,0,0,0,0,0,23,9,0,4,0,0,0,33,0,0,0,0,0,0,0,0,0,0,0,0,13,0,0,0
"hsa-miR-6515-5p",0,0,0,0,0,0,0,0,0,0,12,0,0,0,0,0,0,0,0,0,0,0,0,0,0,0,0,0,0,0,0,0,0,0
"hsa-miR-6787-3p",0,0,0,0,0,0,0,0,0,0,23,0,0,0,0,0,0,33,0,0,0,0,0,0,0,0,0,0,0,0,0,0,0,0
"hsa-miR-940",0,0,0,0,0,0,0,0,0,0,12,0,0,0,0,0,0,0,0,0,0,0,0,0,0,0,0,0,0,0,0,0,0,0
"hsa-miR-10398-3p",0,0,0,0,0,0,0,0,0,0,0,2,9,0,0,0,0,0,0,0,0,0,0,0,0,0,0,0,0,0,0,0,0,0
"hsa-miR-11401",0,0,0,0,0,0,0,0,0,0,0,2,0,0,0,0,0,0,0,0,0,0,0,0,90,0,0,0,0,0,0,0,0,0
"hsa-miR-193b-3p",0,0,0,0,0,0,0,0,0,0,0,4,9,0,0,0,0,17,0,0,0,0,0,0,0,0,0,0,0,20,0,0,0,0
"hsa-miR-200c-3p",0,0,0,0,0,0,0,0,0,0,0,2,0,0,0,0,0,0,0,0,0,0,0,0,0,0,0,0,0,0,0,0,0,0
"hsa-miR-2115-3p",0,0,0,0,0,0,0,0,0,0,0,2,0,4,0,0,0,0,0,0,0,0,0,0,0,0,0,0,0,20,0,0,9,0
"hsa-miR-3130-3p",0,0,0,0,0,0,0,0,0,0,0,4,0,0,0,0,0,0,0,0,0,0,0,0,0,0,0,0,0,0,0,0,0,0
"hsa-miR-362-3p",0,0,0,0,0,0,0,0,0,0,0,2,0,0,0,0,0,0,0,0,0,0,0,0,90,0,0,0,0,0,0,0,0,0
"hsa-miR-3688-3p",0,0,0,0,0,0,0,0,0,0,0,2,0,0,0,0,0,0,0,0,0,0,0,0,0,0,0,0,0,0,0,0,0,0
"hsa-miR-3909",0,0,0,0,0,0,0,0,0,0,0,4,0,0,0,0,0,0,0,0,0,0,0,0,0,0,0,0,0,0,0,0,0,0
"hsa-miR-3944-3p",0,0,0,0,0,0,0,0,0,0,0,4,0,0,0,0,0,0,0,0,0,0,0,0,0,0,0,0,0,0,0,0,0,0
"hsa-miR-4444",0,0,0,0,0,0,0,0,0,0,0,2,0,0,0,0,0,0,0,0,0,0,0,0,0,0,0,0,0,0,0,0,0,0
"hsa-miR-4685-3p",0,0,0,0,0,0,0,0,0,0,0,2,0,2,0,0,0,0,0,0,0,0,0,0,0,0,0,0,51,0,0,19,0,0
"hsa-miR-4688",0,0,0,0,0,0,0,0,0,0,0,2,0,0,0,0,0,0,0,0,0,0,0,0,0,0,0,0,0,0,0,0,0,0
"hsa-miR-4738-3p",0,0,0,0,0,0,0,0,0,0,0,7,0,0,0,0,0,0,0,0,0,0,0,0,0,0,0,0,0,0,0,0,0,0
"hsa-miR-502-3p",0,0,0,0,0,0,0,0,0,0,0,2,0,0,0,0,0,0,0,0,0,0,0,0,90,0,0,0,0,0,0,0,0,0
"hsa-miR-5572",0,0,0,0,0,0,0,0,0,0,0,2,0,0,0,0,0,0,0,0,0,0,0,0,0,0,0,0,0,0,0,0,0,0
"hsa-miR-610",0,0,0,0,0,0,0,0,0,0,0,2,0,0,0,0,0,0,0,0,0,0,0,0,0,0,0,0,0,0,0,0,0,0
"hsa-miR-6511b-5p",0,0,0,0,0,0,0,0,0,0,0,4,0,0,0,0,0,0,0,0,0,0,0,0,0,0,0,0,0,0,0,0,0,0
"hsa-miR-6731-3p",0,0,0,0,0,0,0,0,0,0,0,2,0,0,0,0,0,0,0,0,0,0,0,0,0,0,0,0,0,0,0,0,0,0
"hsa-miR-6769b-3p",0,0,0,0,0,0,0,0,0,0,0,4,9,0,0,0,0,0,0,0,0,41,37,0,0,0,0,0,0,10,13,0,0,0
"hsa-miR-6770-3p",0,0,0,0,0,0,0,0,0,0,0,4,0,0,0,0,0,0,0,0,0,0,0,0,0,0,0,0,0,0,0,0,9,0
"hsa-miR-6788-3p",0,0,0,0,0,0,0,0,0,0,0,9,0,0,0,0,0,0,0,0,0,0,0,0,0,0,0,0,0,0,0,0,0,0
"hsa-miR-6845-5p",0,0,0,0,0,0,0,0,0,0,0,2,0,0,0,0,0,0,0,0,0,0,0,0,0,0,0,0,0,0,0,0,0,0
"hsa-miR-6875-5p",0,0,0,0,0,0,0,0,0,0,0,7,0,0,0,0,0,0,0,0,0,0,0,0,0,0,0,0,0,0,0,0,0,0
"hsa-miR-99b-3p",0,0,0,0,0,0,0,0,0,0,0,7,0,0,0,0,0,0,0,0,0,0,0,0,0,0,0,0,0,0,0,0,0,64
"hsa-miR-195-3p",0,0,0,0,0,0,0,0,0,0,0,0,9,0,0,0,0,0,0,0,0,0,0,0,0,0,0,0,0,0,0,0,0,32
"hsa-miR-214-5p",0,0,0,0,0,0,0,0,0,0,0,0,9,0,0,0,0,0,0,0,0,0,0,0,0,0,0,0,0,0,0,0,0,0
"hsa-miR-3154",0,0,0,0,0,0,0,0,0,0,0,0,17,0,0,0,0,0,0,0,0,0,0,0,0,0,0,0,0,0,0,0,0,0
"hsa-miR-3173-5p",0,0,0,0,0,0,0,0,0,0,0,0,9,0,0,0,0,0,168,0,0,0,0,0,0,0,0,0,0,0,0,0,0,0
"hsa-miR-3690",0,0,0,0,0,0,0,0,0,0,0,0,9,0,0,0,0,0,0,0,0,0,0,0,0,0,0,0,0,0,0,0,9,0
"hsa-miR-4440",0,0,0,0,0,0,0,0,0,0,0,0,17,0,0,0,0,0,0,0,0,0,0,0,0,0,0,0,0,0,0,0,0,0
"hsa-miR-4661-3p",0,0,0,0,0,0,0,0,0,0,0,0,9,0,0,0,0,0,0,0,0,0,0,0,0,0,0,0,0,0,0,0,0,0
"hsa-miR-4772-3p",0,0,0,0,0,0,0,0,0,0,0,0,26,0,0,0,0,0,0,0,0,0,0,0,45,34,0,0,0,0,0,0,0,0
"hsa-miR-582-5p",0,0,0,0,0,0,0,0,0,0,0,0,9,0,0,0,0,33,0,0,0,41,0,0,0,0,0,0,0,0,0,0,0,64
"hsa-miR-590-3p",0,0,0,0,0,0,0,0,0,0,0,0,9,0,0,0,0,0,0,0,0,0,0,0,0,0,0,0,0,0,0,0,0,0
"hsa-miR-6759-5p",0,0,0,0,0,0,0,0,0,0,0,0,9,0,0,0,0,0,0,0,0,0,0,0,0,0,0,0,0,0,0,0,0,0
"hsa-miR-6857-3p",0,0,0,0,0,0,0,0,0,0,0,0,9,0,0,0,0,0,0,0,0,0,0,0,0,0,0,0,0,0,0,0,0,0
"hsa-miR-7-1-3p",0,0,0,0,0,0,0,0,0,0,0,0,9,2,0,0,0,0,0,0,0,0,0,0,0,0,0,0,0,0,26,0,0,0
"hsa-miR-7976",0,0,0,0,0,0,0,0,0,0,0,0,17,0,0,0,0,0,0,0,0,0,0,0,0,0,0,0,0,0,0,19,0,0
"hsa-miR-143-5p",0,0,0,0,0,0,0,0,0,0,0,0,0,2,0,0,0,0,0,0,0,0,0,0,0,0,0,0,0,0,0,0,0,0
"hsa-miR-190b-5p",0,0,0,0,0,0,0,0,0,0,0,0,0,2,0,0,0,0,0,0,0,0,0,0,0,0,0,0,0,0,0,0,0,0
"hsa-miR-218-5p",0,0,0,0,0,0,0,0,0,0,0,0,0,2,0,0,0,0,0,0,0,0,0,0,0,0,0,0,0,0,0,0,9,0
"hsa-miR-3691-5p",0,0,0,0,0,0,0,0,0,0,0,0,0,2,0,0,0,0,0,0,0,0,0,0,0,0,0,0,0,0,0,0,0,0
"hsa-miR-4781-3p",0,0,0,0,0,0,0,0,0,0,0,0,0,2,0,0,0,0,0,0,0,0,0,0,0,0,0,0,0,10,0,0,0,0
"hsa-miR-4785",0,0,0,0,0,0,0,0,0,0,0,0,0,2,0,0,0,0,0,0,0,0,0,0,0,0,0,0,0,0,0,0,0,0
"hsa-miR-5100",0,0,0,0,0,0,0,0,0,0,0,0,0,4,0,0,0,0,0,0,0,0,0,0,0,0,0,0,0,0,0,0,0,0
"hsa-miR-516a-5p",0,0,0,0,0,0,0,0,0,0,0,0,0,2,0,0,0,0,0,0,0,0,0,0,0,0,0,0,0,0,0,0,0,0
"hsa-miR-561-5p",0,0,0,0,0,0,0,0,0,0,0,0,0,2,0,0,0,0,0,0,0,0,0,0,0,0,0,0,0,0,0,0,0,0
"hsa-miR-659-5p",0,0,0,0,0,0,0,0,0,0,0,0,0,2,0,0,0,0,0,0,0,0,0,0,0,0,0,0,0,0,0,37,0,0
"hsa-miR-662",0,0,0,0,0,0,0,0,0,0,0,0,0,8,0,0,0,33,56,0,40,0,0,64,0,34,50,0,51,0,13,0,0,64
"hsa-miR-6847-5p",0,0,0,0,0,0,0,0,0,0,0,0,0,2,0,0,0,0,0,0,0,0,0,0,0,0,0,0,0,0,0,0,9,0
"hsa-miR-877-3p",0,0,0,0,0,0,0,0,0,0,0,0,0,2,0,0,0,0,0,0,0,0,0,0,0,0,0,0,0,10,0,0,0,0
"hsa-miR-939-3p",0,0,0,0,0,0,0,0,0,0,0,0,0,8,25,0,0,0,0,0,0,0,0,0,0,0,0,0,0,0,0,0,0,0
"hsa-miR-10395-3p",0,0,0,0,0,0,0,0,0,0,0,0,0,0,25,99,0,0,0,0,0,0,0,0,0,0,0,0,0,20,0,0,0,0
"hsa-miR-124-5p",0,0,0,0,0,0,0,0,0,0,0,0,0,0,25,0,0,0,0,0,0,0,0,0,0,0,0,0,0,0,0,0,0,0
"hsa-miR-377-3p",0,0,0,0,0,0,0,0,0,0,0,0,0,0,25,0,0,0,0,0,0,0,0,0,0,0,0,0,0,0,0,0,0,0
"hsa-miR-944",0,0,0,0,0,0,0,0,0,0,0,0,0,0,25,0,0,0,0,0,0,0,0,0,0,0,0,0,0,0,0,0,0,0
"hsa-miR-4772-5p",0,0,0,0,0,0,0,0,0,0,0,0,0,0,0,0,0,0,0,0,0,0,0,0,0,0,0,0,0,0,0,0,0,0
"hsa-miR-6877-3p",0,0,0,0,0,0,0,0,0,0,0,0,0,0,0,0,0,0,0,0,0,0,0,0,0,0,0,0,0,0,0,0,0,0
"hsa-miR-6775-3p",0,0,0,0,0,0,0,0,0,0,0,0,0,0,0,298,0,0,0,0,0,0,0,0,0,0,0,0,26,0,0,0,0,0
"hsa-miR-1234-3p",0,0,0,0,0,0,0,0,0,0,0,0,0,0,0,0,107,0,0,0,0,0,0,0,0,0,0,0,0,0,0,0,0,0
"hsa-miR-1470",0,0,0,0,0,0,0,0,0,0,0,0,0,0,0,0,107,0,0,0,0,0,0,0,0,0,0,0,0,0,0,0,0,0
"hsa-miR-4426",0,0,0,0,0,0,0,0,0,0,0,0,0,0,0,0,107,0,0,0,0,0,0,0,0,0,0,0,0,31,0,0,0,0
"hsa-miR-490-3p",0,0,0,0,0,0,0,0,0,0,0,0,0,0,0,0,107,0,0,0,0,0,0,0,0,0,0,0,0,0,0,0,0,0
"hsa-miR-3120-5p",0,0,0,0,0,0,0,0,0,0,0,0,0,0,0,0,0,17,0,0,0,0,0,0,0,0,0,0,0,0,0,0,0,32
"hsa-miR-4467",0,0,0,0,0,0,0,0,0,0,0,0,0,0,0,0,0,50,0,0,0,0,0,0,0,0,0,0,0,0,0,0,0,0
"hsa-miR-4511",0,0,0,0,0,0,0,0,0,0,0,0,0,0,0,0,0,17,0,0,0,0,0,0,0,0,0,0,0,0,0,0,17,0
"hsa-miR-4655-5p",0,0,0,0,0,0,0,0,0,0,0,0,0,0,0,0,0,17,0,0,0,0,0,0,0,0,0,0,0,0,0,0,0,0
"hsa-miR-515-5p",0,0,0,0,0,0,0,0,0,0,0,0,0,0,0,0,0,33,0,0,0,0,0,0,0,0,0,0,0,0,0,0,0,0
"hsa-miR-520g-3p",0,0,0,0,0,0,0,0,0,0,0,0,0,0,0,0,0,17,0,0,0,0,0,0,0,0,0,0,0,0,0,0,0,0
"hsa-miR-548o-3p",0,0,0,0,0,0,0,0,0,0,0,0,0,0,0,0,0,50,0,0,0,0,0,0,0,0,0,0,0,0,0,0,0,0
"hsa-miR-548q",0,0,0,0,0,0,0,0,0,0,0,0,0,0,0,0,0,17,0,0,0,0,0,0,0,0,0,0,0,0,0,0,0,0
"hsa-miR-6766-3p",0,0,0,0,0,0,0,0,0,0,0,0,0,0,0,0,0,17,0,0,0,0,0,0,0,0,0,0,0,0,0,0,0,0
"hsa-miR-6787-5p",0,0,0,0,0,0,0,0,0,0,0,0,0,0,0,0,0,17,0,0,0,0,0,0,0,0,0,0,0,0,0,0,0,0
"hsa-miR-6812-3p",0,0,0,0,0,0,0,0,0,0,0,0,0,0,0,0,0,33,0,0,0,0,0,0,0,0,0,0,0,0,0,0,0,0
"hsa-miR-138-1-3p",0,0,0,0,0,0,0,0,0,0,0,0,0,0,0,0,0,0,56,0,0,0,0,0,0,0,0,0,0,0,0,0,0,0
"hsa-miR-379-3p",0,0,0,0,0,0,0,0,0,0,0,0,0,0,0,0,0,0,168,0,0,0,0,0,0,0,0,0,0,0,0,0,0,0
"hsa-miR-4638-3p",0,0,0,0,0,0,0,0,0,0,0,0,0,0,0,0,0,0,56,0,0,0,0,0,0,0,0,0,0,0,0,0,0,0
"hsa-miR-548h-3p",0,0,0,0,0,0,0,0,0,0,0,0,0,0,0,0,0,0,56,0,0,0,0,0,0,0,0,0,0,0,0,0,0,0
"hsa-miR-5696",0,0,0,0,0,0,0,0,0,0,0,0,0,0,0,0,0,0,168,0,0,83,0,0,0,0,0,0,0,0,0,0,0,0
"hsa-miR-5787",0,0,0,0,0,0,0,0,0,0,0,0,0,0,0,0,0,0,56,0,0,0,0,0,0,0,0,0,0,0,0,0,0,0
"hsa-miR-6513-3p",0,0,0,0,0,0,0,0,0,0,0,0,0,0,0,0,0,0,112,0,0,0,0,0,0,0,0,0,0,0,0,0,0,0
"hsa-miR-1270",0,0,0,0,0,0,0,0,0,0,0,0,0,0,0,0,0,0,0,39,0,0,0,64,0,0,0,0,0,0,0,0,0,32
"hsa-miR-4763-3p",0,0,0,0,0,0,0,0,0,0,0,0,0,0,0,0,0,0,0,39,0,0,0,0,0,0,0,0,0,0,0,0,0,0
"hsa-miR-548a-3p",0,0,0,0,0,0,0,0,0,0,0,0,0,0,0,0,0,0,0,39,0,0,0,0,0,0,0,0,0,0,0,0,0,0
"hsa-miR-624-3p",0,0,0,0,0,0,0,0,0,0,0,0,0,0,0,0,0,0,0,39,0,0,0,0,0,0,0,0,0,0,0,0,0,0
"hsa-miR-200a-3p",0,0,0,0,0,0,0,0,0,0,0,0,0,0,0,0,0,0,0,0,40,0,0,0,0,0,0,0,0,0,0,0,0,0
"hsa-miR-3065-5p",0,0,0,0,0,0,0,0,0,0,0,0,0,0,0,0,0,0,0,0,40,0,0,0,0,0,0,0,0,0,0,0,0,0
"hsa-miR-3195",0,0,0,0,0,0,0,0,0,0,0,0,0,0,0,0,0,0,0,0,119,0,0,0,0,0,0,0,0,0,0,0,0,0
"hsa-miR-4757-5p",0,0,0,0,0,0,0,0,0,0,0,0,0,0,0,0,0,0,0,0,40,0,0,0,0,0,0,0,0,0,0,0,0,0
"hsa-miR-1203",0,0,0,0,0,0,0,0,0,0,0,0,0,0,0,0,0,0,0,0,0,41,0,0,0,0,0,0,0,0,0,0,0,0
"hsa-miR-18b-5p",0,0,0,0,0,0,0,0,0,0,0,0,0,0,0,0,0,0,0,0,0,83,0,0,0,0,0,0,0,0,0,0,0,0
"hsa-miR-412-3p",0,0,0,0,0,0,0,0,0,0,0,0,0,0,0,0,0,0,0,0,0,41,0,0,0,0,0,0,0,0,0,0,0,0
"hsa-miR-545-5p",0,0,0,0,0,0,0,0,0,0,0,0,0,0,0,0,0,0,0,0,0,41,0,0,0,0,0,0,0,0,0,0,0,0
"hsa-miR-4520-3p",0,0,0,0,0,0,0,0,0,0,0,0,0,0,0,0,0,0,0,0,0,0,37,0,0,0,0,0,0,0,0,0,0,0
"hsa-miR-504-3p",0,0,0,0,0,0,0,0,0,0,0,0,0,0,0,0,0,0,0,0,0,0,75,0,0,0,0,0,0,0,0,0,0,0
"hsa-miR-616-3p",0,0,0,0,0,0,0,0,0,0,0,0,0,0,0,0,0,0,0,0,0,0,112,0,0,0,0,0,0,0,0,0,0,0
"hsa-miR-6789-3p",0,0,0,0,0,0,0,0,0,0,0,0,0,0,0,0,0,0,0,0,0,0,37,0,0,0,0,0,0,0,0,0,0,0
"hsa-miR-6873-3p",0,0,0,0,0,0,0,0,0,0,0,0,0,0,0,0,0,0,0,0,0,0,37,0,0,0,0,0,0,0,0,0,0,0
"hsa-miR-1277-5p",0,0,0,0,0,0,0,0,0,0,0,0,0,0,0,0,0,0,0,0,0,0,0,32,0,0,0,0,0,0,0,0,0,0
"hsa-miR-152-5p",0,0,0,0,0,0,0,0,0,0,0,0,0,0,0,0,0,0,0,0,0,0,0,32,0,0,0,0,0,0,0,0,0,0
"hsa-miR-4742-3p",0,0,0,0,0,0,0,0,0,0,0,0,0,0,0,0,0,0,0,0,0,0,0,64,0,0,0,0,26,0,0,0,0,0
"hsa-miR-518f-3p",0,0,0,0,0,0,0,0,0,0,0,0,0,0,0,0,0,0,0,0,0,0,0,32,0,0,0,0,0,0,0,0,0,0
"hsa-miR-542-3p",0,0,0,0,0,0,0,0,0,0,0,0,0,0,0,0,0,0,0,0,0,0,0,32,0,0,0,0,0,0,0,0,0,0
"hsa-miR-548e-5p",0,0,0,0,0,0,0,0,0,0,0,0,0,0,0,0,0,0,0,0,0,0,0,32,0,0,0,0,0,0,0,0,0,0
"hsa-miR-5680",0,0,0,0,0,0,0,0,0,0,0,0,0,0,0,0,0,0,0,0,0,0,0,32,0,0,0,0,0,0,0,0,0,0
"hsa-miR-582-3p",0,0,0,0,0,0,0,0,0,0,0,0,0,0,0,0,0,0,0,0,0,0,0,32,0,0,0,0,0,0,0,0,0,0
"hsa-miR-597-3p",0,0,0,0,0,0,0,0,0,0,0,0,0,0,0,0,0,0,0,0,0,0,0,32,0,0,0,0,0,0,0,0,0,0
"hsa-miR-922",0,0,0,0,0,0,0,0,0,0,0,0,0,0,0,0,0,0,0,0,0,0,0,32,0,0,0,0,0,0,0,0,0,0
"hsa-miR-3160-5p",0,0,0,0,0,0,0,0,0,0,0,0,0,0,0,0,0,0,0,0,0,0,0,0,45,0,0,0,0,0,0,0,0,0
"hsa-miR-3960",0,0,0,0,0,0,0,0,0,0,0,0,0,0,0,0,0,0,0,0,0,0,0,0,90,0,0,0,0,0,0,0,0,0
"hsa-miR-5047",0,0,0,0,0,0,0,0,0,0,0,0,0,0,0,0,0,0,0,0,0,0,0,0,0,67,0,0,0,0,0,0,0,0
"hsa-miR-10396a-3p",0,0,0,0,0,0,0,0,0,0,0,0,0,0,0,0,0,0,0,0,0,0,0,0,0,0,100,0,0,0,0,0,0,0
"hsa-miR-12128",0,0,0,0,0,0,0,0,0,0,0,0,0,0,0,0,0,0,0,0,0,0,0,0,0,0,150,0,0,0,0,0,0,0
"hsa-miR-4484",0,0,0,0,0,0,0,0,0,0,0,0,0,0,0,0,0,0,0,0,0,0,0,0,0,0,50,0,0,0,0,0,0,0
"hsa-miR-550a-3-5p",0,0,0,0,0,0,0,0,0,0,0,0,0,0,0,0,0,0,0,0,0,0,0,0,0,0,50,0,0,31,0,0,0,0
"hsa-miR-675-3p",0,0,0,0,0,0,0,0,0,0,0,0,0,0,0,0,0,0,0,0,0,0,0,0,0,0,100,0,0,0,0,0,0,0
"hsa-miR-4315",0,0,0,0,0,0,0,0,0,0,0,0,0,0,0,0,0,0,0,0,0,0,0,0,0,0,0,0,0,0,0,0,0,0
"hsa-miR-3180-3p",0,0,0,0,0,0,0,0,0,0,0,0,0,0,0,0,0,0,0,0,0,0,0,0,0,0,0,24,0,0,0,0,0,0
"hsa-miR-3940-3p",0,0,0,0,0,0,0,0,0,0,0,0,0,0,0,0,0,0,0,0,0,0,0,0,0,0,0,48,0,0,0,0,34,0
"hsa-miR-487a-5p",0,0,0,0,0,0,0,0,0,0,0,0,0,0,0,0,0,0,0,0,0,0,0,0,0,0,0,24,0,0,0,0,0,0
"hsa-miR-6502-5p",0,0,0,0,0,0,0,0,0,0,0,0,0,0,0,0,0,0,0,0,0,0,0,0,0,0,0,24,0,0,0,0,0,0
"hsa-miR-33a-5p",0,0,0,0,0,0,0,0,0,0,0,0,0,0,0,0,0,0,0,0,0,0,0,0,0,0,0,0,26,0,0,0,0,0
"hsa-miR-4651",0,0,0,0,0,0,0,0,0,0,0,0,0,0,0,0,0,0,0,0,0,0,0,0,0,0,0,0,26,0,0,0,0,0
"hsa-miR-4762-3p",0,0,0,0,0,0,0,0,0,0,0,0,0,0,0,0,0,0,0,0,0,0,0,0,0,0,0,0,26,0,0,0,0,0
"hsa-miR-580-3p",0,0,0,0,0,0,0,0,0,0,0,0,0,0,0,0,0,0,0,0,0,0,0,0,0,0,0,0,77,0,0,0,0,0
"hsa-miR-6781-5p",0,0,0,0,0,0,0,0,0,0,0,0,0,0,0,0,0,0,0,0,0,0,0,0,0,0,0,0,51,0,0,0,0,0
"hsa-miR-6842-5p",0,0,0,0,0,0,0,0,0,0,0,0,0,0,0,0,0,0,0,0,0,0,0,0,0,0,0,0,51,0,0,0,0,0
"hsa-miR-154-5p",0,0,0,0,0,0,0,0,0,0,0,0,0,0,0,0,0,0,0,0,0,0,0,0,0,0,0,0,0,10,0,0,0,0
"hsa-miR-3130-5p",0,0,0,0,0,0,0,0,0,0,0,0,0,0,0,0,0,0,0,0,0,0,0,0,0,0,0,0,0,10,0,0,0,0
"hsa-miR-33b-3p",0,0,0,0,0,0,0,0,0,0,0,0,0,0,0,0,0,0,0,0,0,0,0,0,0,0,0,0,0,20,0,0,0,0
"hsa-miR-3928-5p",0,0,0,0,0,0,0,0,0,0,0,0,0,0,0,0,0,0,0,0,0,0,0,0,0,0,0,0,0,10,0,0,0,0
"hsa-miR-4469",0,0,0,0,0,0,0,0,0,0,0,0,0,0,0,0,0,0,0,0,0,0,0,0,0,0,0,0,0,20,0,0,0,0
"hsa-miR-4742-5p",0,0,0,0,0,0,0,0,0,0,0,0,0,0,0,0,0,0,0,0,0,0,0,0,0,0,0,0,0,10,0,0,0,0
"hsa-miR-7847-3p",0,0,0,0,0,0,0,0,0,0,0,0,0,0,0,0,0,0,0,0,0,0,0,0,0,0,0,0,0,10,0,0,0,0
"hsa-miR-2277-3p",0,0,0,0,0,0,0,0,0,0,0,0,0,0,0,0,0,0,0,0,0,0,0,0,0,0,0,0,0,0,13,0,0,0
"hsa-miR-4479",0,0,0,0,0,0,0,0,0,0,0,0,0,0,0,0,0,0,0,0,0,0,0,0,0,0,0,0,0,0,13,0,0,0
"hsa-miR-4728-3p",0,0,0,0,0,0,0,0,0,0,0,0,0,0,0,0,0,0,0,0,0,0,0,0,0,0,0,0,0,0,26,37,0,0
"hsa-miR-6810-3p",0,0,0,0,0,0,0,0,0,0,0,0,0,0,0,0,0,0,0,0,0,0,0,0,0,0,0,0,0,0,26,0,0,0
"hsa-miR-219a-5p",0,0,0,0,0,0,0,0,0,0,0,0,0,0,0,0,0,0,0,0,0,0,0,0,0,0,0,0,0,0,0,19,0,0
"hsa-miR-3188",0,0,0,0,0,0,0,0,0,0,0,0,0,0,0,0,0,0,0,0,0,0,0,0,0,0,0,0,0,0,0,19,0,0
"hsa-miR-320a-5p",0,0,0,0,0,0,0,0,0,0,0,0,0,0,0,0,0,0,0,0,0,0,0,0,0,0,0,0,0,0,0,19,0,0
"hsa-miR-642a-5p",0,0,0,0,0,0,0,0,0,0,0,0,0,0,0,0,0,0,0,0,0,0,0,0,0,0,0,0,0,0,0,19,0,0
"hsa-miR-7110-3p",0,0,0,0,0,0,0,0,0,0,0,0,0,0,0,0,0,0,0,0,0,0,0,0,0,0,0,0,0,0,0,19,0,0
"hsa-miR-3176",0,0,0,0,0,0,0,0,0,0,0,0,0,0,0,0,0,0,0,0,0,0,0,0,0,0,0,0,0,0,0,0,9,0
"hsa-miR-3190-3p",0,0,0,0,0,0,0,0,0,0,0,0,0,0,0,0,0,0,0,0,0,0,0,0,0,0,0,0,0,0,0,0,9,0
"hsa-miR-4671-5p",0,0,0,0,0,0,0,0,0,0,0,0,0,0,0,0,0,0,0,0,0,0,0,0,0,0,0,0,0,0,0,0,9,0
"hsa-miR-4687-3p",0,0,0,0,0,0,0,0,0,0,0,0,0,0,0,0,0,0,0,0,0,0,0,0,0,0,0,0,0,0,0,0,9,0
"hsa-miR-4717-3p",0,0,0,0,0,0,0,0,0,0,0,0,0,0,0,0,0,0,0,0,0,0,0,0,0,0,0,0,0,0,0,0,9,0
"hsa-miR-6746-3p",0,0,0,0,0,0,0,0,0,0,0,0,0,0,0,0,0,0,0,0,0,0,0,0,0,0,0,0,0,0,0,0,9,0
"hsa-miR-6802-5p",0,0,0,0,0,0,0,0,0,0,0,0,0,0,0,0,0,0,0,0,0,0,0,0,0,0,0,0,0,0,0,0,9,0
"hsa-miR-6809-5p",0,0,0,0,0,0,0,0,0,0,0,0,0,0,0,0,0,0,0,0,0,0,0,0,0,0,0,0,0,0,0,0,9,0
"hsa-miR-618",0,0,0,0,0,0,0,0,0,0,0,0,0,0,0,0,0,0,0,0,0,0,0,0,0,0,0,0,0,0,0,0,0,32
"hsa-miR-7702",0,0,0,0,0,0,0,0,0,0,0,0,0,0,0,0,0,0,0,0,0,0,0,0,0,0,0,0,0,0,0,0,0,64
